"pattern","density_profile","noise_type","replicate","scenario","dimensions","setting","accuracy","boundary_accuracy","correction_recall","damage_rate","seconds"
"intermixed","extreme","boundary",1,1,2,"Current default",0.918416666666667,0.720416666666667,0.74,0.0221111111111111,0.24
"intermixed","extreme","boundary",1,1,2,"Halo 0.25",0.91825,0.72125,0.74,0.0223333333333333,0.203
"intermixed","extreme","boundary",1,1,2,"Halo 0.15",0.918833333333333,0.72375,0.742,0.0222222222222222,0.175
"intermixed","extreme","boundary",1,1,2,"48 landmarks",0.918416666666667,0.720416666666667,0.74,0.0221111111111111,0.175
"intermixed","extreme","boundary",1,1,2,"8 epochs",0.919,0.7225,0.741666666666667,0.0218888888888889,0.204
"intermixed","extreme","boundary",1,1,2,"24 TV iterations",0.918833333333333,0.72125,0.741333333333333,0.022,0.209
"intermixed","extreme","boundary",1,1,2,"Fast balanced",0.919083333333333,0.721666666666667,0.741666666666667,0.0217777777777778,0.134
"intermixed","extreme","boundary",1,1,2,"Conservative fast",0.919166666666667,0.722083333333333,0.742,0.0217777777777778,0.159
"intermixed","extreme","boundary",2,2,2,"Current default",0.927416666666667,0.74625,0.759,0.0164444444444444,0.233
"intermixed","extreme","boundary",2,2,2,"Halo 0.25",0.927916666666667,0.7475,0.759666666666667,0.016,0.213
"intermixed","extreme","boundary",2,2,2,"Halo 0.15",0.927416666666667,0.745833333333333,0.758666666666667,0.0163333333333333,0.177
"intermixed","extreme","boundary",2,2,2,"48 landmarks",0.927333333333333,0.745833333333333,0.758666666666667,0.0164444444444444,0.178
"intermixed","extreme","boundary",2,2,2,"8 epochs",0.926333333333333,0.740833333333333,0.754333333333333,0.0163333333333333,0.208
"intermixed","extreme","boundary",2,2,2,"24 TV iterations",0.927,0.740416666666667,0.755,0.0156666666666667,0.207
"intermixed","extreme","boundary",2,2,2,"Fast balanced",0.92625,0.738333333333333,0.752666666666667,0.0158888888888889,0.133
"intermixed","extreme","boundary",2,2,2,"Conservative fast",0.925916666666667,0.737083333333333,0.751666666666667,0.016,0.162
"intermixed","extreme","random",1,3,2,"Current default",0.939666666666667,0.864166666666667,0.909333333333333,0.0502222222222222,0.248
"intermixed","extreme","random",1,3,2,"Halo 0.25",0.939333333333333,0.862916666666667,0.909,0.0505555555555556,0.211
"intermixed","extreme","random",1,3,2,"Halo 0.15",0.939333333333333,0.863333333333333,0.909333333333333,0.0506666666666667,0.177
"intermixed","extreme","random",1,3,2,"48 landmarks",0.939666666666667,0.864166666666667,0.909666666666667,0.0503333333333333,0.174
"intermixed","extreme","random",1,3,2,"8 epochs",0.9395,0.864166666666667,0.909333333333333,0.0504444444444444,0.204
"intermixed","extreme","random",1,3,2,"24 TV iterations",0.939916666666667,0.865,0.910333333333333,0.0502222222222222,0.21
"intermixed","extreme","random",1,3,2,"Fast balanced",0.939916666666667,0.865416666666667,0.910333333333333,0.0502222222222222,0.133
"intermixed","extreme","random",1,3,2,"Conservative fast",0.94,0.865833333333333,0.910333333333333,0.0501111111111111,0.161
"intermixed","extreme","random",2,4,2,"Current default",0.938,0.869166666666667,0.903666666666667,0.0505555555555556,0.267
"intermixed","extreme","random",2,4,2,"Halo 0.25",0.937916666666667,0.868333333333333,0.903666666666667,0.0506666666666667,0.203
"intermixed","extreme","random",2,4,2,"Halo 0.15",0.938,0.869166666666667,0.903666666666667,0.0505555555555556,0.181
"intermixed","extreme","random",2,4,2,"48 landmarks",0.938,0.869166666666667,0.903666666666667,0.0505555555555556,0.185
"intermixed","extreme","random",2,4,2,"8 epochs",0.937833333333333,0.868333333333333,0.903666666666667,0.0507777777777778,0.221
"intermixed","extreme","random",2,4,2,"24 TV iterations",0.938166666666667,0.86875,0.903666666666667,0.0503333333333333,0.232
"intermixed","extreme","random",2,4,2,"Fast balanced",0.93825,0.86875,0.903666666666667,0.0502222222222222,0.14
"intermixed","extreme","random",2,4,2,"Conservative fast",0.938333333333333,0.869166666666667,0.903666666666667,0.0501111111111111,0.171
"intermixed","uniform","boundary",1,5,2,"Current default",0.875,0.505,0.537333333333333,0.0124444444444444,0.242
"intermixed","uniform","boundary",1,5,2,"Halo 0.25",0.874916666666667,0.504166666666667,0.536666666666667,0.0123333333333333,0.201
"intermixed","uniform","boundary",1,5,2,"Halo 0.15",0.87475,0.504166666666667,0.536333333333333,0.0124444444444444,0.179
"intermixed","uniform","boundary",1,5,2,"48 landmarks",0.875083333333333,0.505416666666667,0.537666666666667,0.0124444444444444,0.188
"intermixed","uniform","boundary",1,5,2,"8 epochs",0.874916666666667,0.504583333333333,0.537,0.0124444444444444,0.242999999999999
"intermixed","uniform","boundary",1,5,2,"24 TV iterations",0.874916666666667,0.500416666666667,0.534,0.0114444444444444,0.226
"intermixed","uniform","boundary",1,5,2,"Fast balanced",0.8755,0.502916666666667,0.535666666666667,0.0112222222222222,0.136
"intermixed","uniform","boundary",1,5,2,"Conservative fast",0.875416666666667,0.502916666666667,0.535333333333333,0.0112222222222222,0.170999999999999
"intermixed","uniform","boundary",2,6,2,"Current default",0.869333333333333,0.492083333333333,0.520666666666667,0.0144444444444444,0.227
"intermixed","uniform","boundary",2,6,2,"Halo 0.25",0.869083333333333,0.49,0.519333333333333,0.0143333333333333,0.198
"intermixed","uniform","boundary",2,6,2,"Halo 0.15",0.869833333333333,0.49375,0.522333333333333,0.0143333333333333,0.176
"intermixed","uniform","boundary",2,6,2,"48 landmarks",0.868833333333333,0.49125,0.519666666666667,0.0147777777777778,0.184
"intermixed","uniform","boundary",2,6,2,"8 epochs",0.86875,0.490833333333333,0.519666666666667,0.0148888888888889,0.234
"intermixed","uniform","boundary",2,6,2,"24 TV iterations",0.869833333333333,0.49125,0.520333333333333,0.0136666666666667,0.212000000000001
"intermixed","uniform","boundary",2,6,2,"Fast balanced",0.87025,0.4925,0.522333333333333,0.0137777777777778,0.133999999999999
"intermixed","uniform","boundary",2,6,2,"Conservative fast",0.870083333333333,0.49125,0.521333333333333,0.0136666666666667,0.166
"intermixed","uniform","random",1,7,2,"Current default",0.921,0.741666666666667,0.841333333333333,0.0524444444444444,0.227
"intermixed","uniform","random",1,7,2,"Halo 0.25",0.921,0.742083333333333,0.841333333333333,0.0524444444444444,0.193
"intermixed","uniform","random",1,7,2,"Halo 0.15",0.920833333333333,0.740833333333333,0.841666666666667,0.0527777777777778,0.176
"intermixed","uniform","random",1,7,2,"48 landmarks",0.921166666666667,0.742083333333333,0.841333333333333,0.0522222222222222,0.178
"intermixed","uniform","random",1,7,2,"8 epochs",0.921,0.742083333333333,0.841666666666667,0.0525555555555556,0.228
"intermixed","uniform","random",1,7,2,"24 TV iterations",0.920916666666667,0.740833333333333,0.842,0.0527777777777778,0.207
"intermixed","uniform","random",1,7,2,"Fast balanced",0.92075,0.740833333333333,0.840666666666667,0.0525555555555556,0.132
"intermixed","uniform","random",1,7,2,"Conservative fast",0.921083333333333,0.741666666666667,0.841333333333333,0.0523333333333333,0.163
"intermixed","uniform","random",2,8,2,"Current default",0.908916666666667,0.7175,0.808,0.0574444444444444,0.225
"intermixed","uniform","random",2,8,2,"Halo 0.25",0.908916666666667,0.716666666666667,0.808333333333333,0.0575555555555556,0.194
"intermixed","uniform","random",2,8,2,"Halo 0.15",0.909083333333333,0.7175,0.808666666666667,0.0574444444444444,0.175
"intermixed","uniform","random",2,8,2,"48 landmarks",0.909,0.7175,0.808,0.0573333333333333,0.185
"intermixed","uniform","random",2,8,2,"8 epochs",0.908833333333333,0.717083333333333,0.808,0.0575555555555556,0.23
"intermixed","uniform","random",2,8,2,"24 TV iterations",0.910416666666667,0.722083333333333,0.81,0.0561111111111111,0.209
"intermixed","uniform","random",2,8,2,"Fast balanced",0.909833333333333,0.720416666666667,0.809333333333333,0.0566666666666667,0.131
"intermixed","uniform","random",2,8,2,"Conservative fast",0.909916666666667,0.72,0.809333333333333,0.0565555555555556,0.162
"islands","extreme","boundary",1,9,2,"Current default",0.804833333333333,0.124583333333333,0.219666666666667,0.000111111111111111,0.273
"islands","extreme","boundary",1,9,2,"Halo 0.25",0.801166666666667,0.106666666666667,0.205,0.000111111111111111,0.224
"islands","extreme","boundary",1,9,2,"Halo 0.15",0.800166666666667,0.10375,0.201,0.000111111111111111,0.186
"islands","extreme","boundary",1,9,2,"48 landmarks",0.80475,0.124166666666667,0.219333333333333,0.000111111111111111,0.208
"islands","extreme","boundary",1,9,2,"8 epochs",0.80525,0.125833333333333,0.221333333333333,0.000111111111111111,0.243
"islands","extreme","boundary",1,9,2,"24 TV iterations",0.804416666666667,0.121666666666667,0.218,0.000111111111111111,0.244
"islands","extreme","boundary",1,9,2,"Fast balanced",0.802916666666667,0.111666666666667,0.212,0.000111111111111111,0.143
"islands","extreme","boundary",1,9,2,"Conservative fast",0.802833333333333,0.11125,0.211666666666667,0.000111111111111111,0.178
"islands","extreme","boundary",2,10,2,"Current default",0.785166666666667,0.0429166666666667,0.141333333333333,0.000222222222222222,0.262
"islands","extreme","boundary",2,10,2,"Halo 0.25",0.78425,0.0358333333333333,0.137333333333333,0.000111111111111111,0.214
"islands","extreme","boundary",2,10,2,"Halo 0.15",0.783583333333333,0.0320833333333333,0.134666666666667,0.000111111111111111,0.185
"islands","extreme","boundary",2,10,2,"48 landmarks",0.785,0.0425,0.140666666666667,0.000222222222222222,0.203
"islands","extreme","boundary",2,10,2,"8 epochs",0.7855,0.0458333333333333,0.143,0.000333333333333333,0.23
"islands","extreme","boundary",2,10,2,"24 TV iterations",0.78525,0.04375,0.141666666666667,0.000222222222222222,0.228000000000001
"islands","extreme","boundary",2,10,2,"Fast balanced",0.784583333333333,0.0379166666666667,0.138666666666667,0.000111111111111111,0.141
"islands","extreme","boundary",2,10,2,"Conservative fast",0.7845,0.0379166666666667,0.138333333333333,0.000111111111111111,0.172
"islands","extreme","random",1,11,2,"Current default",0.984083333333333,0.923333333333333,0.975333333333333,0.013,0.268
"islands","extreme","random",1,11,2,"Halo 0.25",0.985083333333333,0.927083333333333,0.977,0.0122222222222222,0.225000000000001
"islands","extreme","random",1,11,2,"Halo 0.15",0.98575,0.93,0.978666666666667,0.0118888888888889,0.194
"islands","extreme","random",1,11,2,"48 landmarks",0.984083333333333,0.92375,0.975,0.0128888888888889,0.207999999999999
"islands","extreme","random",1,11,2,"8 epochs",0.984333333333333,0.925416666666667,0.975333333333333,0.0126666666666667,0.238
"islands","extreme","random",1,11,2,"24 TV iterations",0.983666666666667,0.92125,0.974333333333333,0.0132222222222222,0.241
"islands","extreme","random",1,11,2,"Fast balanced",0.984916666666667,0.92625,0.976333333333333,0.0122222222222222,0.147
"islands","extreme","random",1,11,2,"Conservative fast",0.984916666666667,0.92625,0.976333333333333,0.0122222222222222,0.186
"islands","extreme","random",2,12,2,"Current default",0.9865,0.932916666666667,0.981333333333333,0.0117777777777778,0.264
"islands","extreme","random",2,12,2,"Halo 0.25",0.98725,0.936666666666667,0.982333333333333,0.0111111111111111,0.22
"islands","extreme","random",2,12,2,"Halo 0.15",0.986666666666667,0.93375,0.982,0.0117777777777778,0.191000000000001
"islands","extreme","random",2,12,2,"48 landmarks",0.9865,0.932916666666667,0.981333333333333,0.0117777777777778,0.205
"islands","extreme","random",2,12,2,"8 epochs",0.987166666666667,0.93625,0.981333333333333,0.0108888888888889,0.238
"islands","extreme","random",2,12,2,"24 TV iterations",0.986416666666667,0.9325,0.981333333333333,0.0118888888888889,0.236
"islands","extreme","random",2,12,2,"Fast balanced",0.987,0.935416666666667,0.981333333333333,0.0111111111111111,0.141999999999999
"islands","extreme","random",2,12,2,"Conservative fast",0.987,0.935416666666667,0.981333333333333,0.0111111111111111,0.175
"islands","uniform","boundary",1,13,2,"Current default",0.784416666666667,0.0295833333333333,0.138333333333333,0.000222222222222222,0.234
"islands","uniform","boundary",1,13,2,"Halo 0.25",0.783583333333333,0.0275,0.135666666666667,0.000444444444444444,0.197
"islands","uniform","boundary",1,13,2,"Halo 0.15",0.783333333333333,0.025,0.134666666666667,0.000444444444444444,0.175999999999999
"islands","uniform","boundary",1,13,2,"48 landmarks",0.784833333333333,0.03,0.14,0.000222222222222222,0.186
"islands","uniform","boundary",1,13,2,"8 epochs",0.784833333333333,0.03,0.14,0.000222222222222222,0.217000000000001
"islands","uniform","boundary",1,13,2,"24 TV iterations",0.784666666666667,0.0295833333333333,0.139333333333333,0.000222222222222222,0.219999999999999
"islands","uniform","boundary",1,13,2,"Fast balanced",0.78375,0.0266666666666667,0.136,0.000333333333333333,0.136000000000001
"islands","uniform","boundary",1,13,2,"Conservative fast",0.78375,0.0270833333333333,0.136,0.000333333333333333,0.177
"islands","uniform","boundary",2,14,2,"Current default",0.776916666666667,0.0133333333333333,0.108666666666667,0.000333333333333333,0.239
"islands","uniform","boundary",2,14,2,"Halo 0.25",0.775083333333333,0.00833333333333333,0.101333333333333,0.000333333333333333,0.203
"islands","uniform","boundary",2,14,2,"Halo 0.15",0.7735,0.00583333333333333,0.095,0.000333333333333333,0.178
"islands","uniform","boundary",2,14,2,"48 landmarks",0.777166666666667,0.0133333333333333,0.109666666666667,0.000333333333333333,0.196
"islands","uniform","boundary",2,14,2,"8 epochs",0.7775,0.01375,0.111,0.000333333333333333,0.225999999999999
"islands","uniform","boundary",2,14,2,"24 TV iterations",0.777,0.0120833333333333,0.109,0.000333333333333333,0.226000000000001
"islands","uniform","boundary",2,14,2,"Fast balanced",0.77575,0.00916666666666667,0.104,0.000333333333333333,0.139000000000001
"islands","uniform","boundary",2,14,2,"Conservative fast",0.77575,0.00916666666666667,0.104,0.000333333333333333,0.173
"islands","uniform","random",1,15,2,"Current default",0.99275,0.96375,0.983,0.004,0.242999999999999
"islands","uniform","random",1,15,2,"Halo 0.25",0.993333333333333,0.966666666666667,0.984333333333333,0.00366666666666667,0.205
"islands","uniform","random",1,15,2,"Halo 0.15",0.993166666666667,0.965833333333333,0.983666666666667,0.00366666666666667,0.178
"islands","uniform","random",1,15,2,"48 landmarks",0.99275,0.96375,0.983,0.004,0.194999999999999
"islands","uniform","random",1,15,2,"8 epochs",0.992583333333333,0.962916666666667,0.982666666666667,0.00411111111111111,0.223999999999998
"islands","uniform","random",1,15,2,"24 TV iterations",0.99275,0.96375,0.983,0.004,0.229000000000001
"islands","uniform","random",1,15,2,"Fast balanced",0.993416666666667,0.967083333333333,0.984666666666667,0.00366666666666667,0.135000000000002
"islands","uniform","random",1,15,2,"Conservative fast",0.993416666666667,0.967083333333333,0.984666666666667,0.00366666666666667,0.177
"islands","uniform","random",2,16,2,"Current default",0.99325,0.96625,0.983,0.00333333333333333,0.243
"islands","uniform","random",2,16,2,"Halo 0.25",0.9935,0.9675,0.982666666666667,0.00288888888888889,0.202
"islands","uniform","random",2,16,2,"Halo 0.15",0.993333333333333,0.966666666666667,0.983,0.00322222222222222,0.181
"islands","uniform","random",2,16,2,"48 landmarks",0.99325,0.96625,0.983,0.00333333333333333,0.187999999999999
"islands","uniform","random",2,16,2,"8 epochs",0.993,0.965,0.982333333333333,0.00344444444444444,0.224
"islands","uniform","random",2,16,2,"24 TV iterations",0.99325,0.96625,0.983,0.00333333333333333,0.229000000000001
"islands","uniform","random",2,16,2,"Fast balanced",0.993416666666667,0.967083333333333,0.983,0.00311111111111111,0.134
"islands","uniform","random",2,16,2,"Conservative fast",0.993416666666667,0.967083333333333,0.983,0.00311111111111111,0.174999999999999
"jagged_stripes","extreme","boundary",1,17,2,"Current default",0.87525,0.489583333333333,0.541666666666667,0.0135555555555556,0.254
"jagged_stripes","extreme","boundary",1,17,2,"Halo 0.25",0.8765,0.495416666666667,0.547333333333333,0.0137777777777778,0.209000000000001
"jagged_stripes","extreme","boundary",1,17,2,"Halo 0.15",0.8765,0.497916666666667,0.548,0.014,0.185
"jagged_stripes","extreme","boundary",1,17,2,"48 landmarks",0.87525,0.489583333333333,0.541666666666667,0.0135555555555556,0.200999999999999
"jagged_stripes","extreme","boundary",1,17,2,"8 epochs",0.876,0.492083333333333,0.543333333333333,0.0131111111111111,0.236000000000001
"jagged_stripes","extreme","boundary",1,17,2,"24 TV iterations",0.875833333333333,0.492083333333333,0.544666666666667,0.0137777777777778,0.241
"jagged_stripes","extreme","boundary",1,17,2,"Fast balanced",0.877,0.496666666666667,0.549,0.0136666666666667,0.145
"jagged_stripes","extreme","boundary",1,17,2,"Conservative fast",0.877,0.496666666666667,0.549,0.0136666666666667,0.177
"jagged_stripes","extreme","boundary",2,18,2,"Current default",0.895666666666667,0.594583333333333,0.636,0.0177777777777778,0.241
"jagged_stripes","extreme","boundary",2,18,2,"Halo 0.25",0.895,0.58875,0.629,0.0163333333333333,0.201
"jagged_stripes","extreme","boundary",2,18,2,"Halo 0.15",0.893416666666667,0.584166666666667,0.624666666666667,0.017,0.172000000000001
"jagged_stripes","extreme","boundary",2,18,2,"48 landmarks",0.895666666666667,0.594583333333333,0.636,0.0177777777777778,0.183999999999999
"jagged_stripes","extreme","boundary",2,18,2,"8 epochs",0.895,0.592083333333333,0.633333333333333,0.0177777777777778,0.213999999999999
"jagged_stripes","extreme","boundary",2,18,2,"24 TV iterations",0.89525,0.592083333333333,0.634333333333333,0.0177777777777778,0.218
"jagged_stripes","extreme","boundary",2,18,2,"Fast balanced",0.894,0.584583333333333,0.627,0.017,0.132
"jagged_stripes","extreme","boundary",2,18,2,"Conservative fast",0.894,0.585,0.627,0.017,0.174
"jagged_stripes","extreme","random",1,19,2,"Current default",0.953083333333333,0.91125,0.932333333333333,0.04,0.259
"jagged_stripes","extreme","random",1,19,2,"Halo 0.25",0.953333333333333,0.9125,0.932,0.0395555555555556,0.212999999999999
"jagged_stripes","extreme","random",1,19,2,"Halo 0.15",0.953833333333333,0.912083333333333,0.933666666666667,0.0394444444444444,0.186
"jagged_stripes","extreme","random",1,19,2,"48 landmarks",0.953083333333333,0.910833333333333,0.932,0.0398888888888889,0.196999999999999
"jagged_stripes","extreme","random",1,19,2,"8 epochs",0.953083333333333,0.912083333333333,0.931666666666667,0.0397777777777778,0.227
"jagged_stripes","extreme","random",1,19,2,"24 TV iterations",0.95275,0.910416666666667,0.932,0.0403333333333333,0.238999999999999
"jagged_stripes","extreme","random",1,19,2,"Fast balanced",0.95325,0.911666666666667,0.932,0.0396666666666667,0.147
"jagged_stripes","extreme","random",1,19,2,"Conservative fast",0.95325,0.911666666666667,0.932,0.0396666666666667,0.18
"jagged_stripes","extreme","random",2,20,2,"Current default",0.961,0.915,0.945666666666667,0.0338888888888889,0.222999999999999
"jagged_stripes","extreme","random",2,20,2,"Halo 0.25",0.962333333333333,0.919166666666667,0.947666666666667,0.0327777777777778,0.185
"jagged_stripes","extreme","random",2,20,2,"Halo 0.15",0.963166666666667,0.920833333333333,0.948666666666667,0.032,0.173
"jagged_stripes","extreme","random",2,20,2,"48 landmarks",0.961,0.915,0.945333333333333,0.0337777777777778,0.172000000000001
"jagged_stripes","extreme","random",2,20,2,"8 epochs",0.961,0.914583333333333,0.945666666666667,0.0338888888888889,0.197000000000001
"jagged_stripes","extreme","random",2,20,2,"24 TV iterations",0.960416666666667,0.915,0.946,0.0347777777777778,0.209000000000001
"jagged_stripes","extreme","random",2,20,2,"Fast balanced",0.962416666666667,0.917916666666667,0.947,0.0324444444444444,0.127000000000001
"jagged_stripes","extreme","random",2,20,2,"Conservative fast",0.96225,0.9175,0.946666666666667,0.0325555555555556,0.159000000000001
"jagged_stripes","uniform","boundary",1,21,2,"Current default",0.856083333333333,0.397916666666667,0.446666666666667,0.00744444444444444,0.23
"jagged_stripes","uniform","boundary",1,21,2,"Halo 0.25",0.85575,0.39875,0.445333333333333,0.00744444444444444,0.196
"jagged_stripes","uniform","boundary",1,21,2,"Halo 0.15",0.85475,0.393333333333333,0.441666666666667,0.00755555555555556,0.179
"jagged_stripes","uniform","boundary",1,21,2,"48 landmarks",0.855833333333333,0.397083333333333,0.445666666666667,0.00744444444444444,0.18
"jagged_stripes","uniform","boundary",1,21,2,"8 epochs",0.855666666666667,0.395833333333333,0.444333333333333,0.00722222222222222,0.209999999999999
"jagged_stripes","uniform","boundary",1,21,2,"24 TV iterations",0.855583333333333,0.395833333333333,0.444666666666667,0.00744444444444444,0.211
"jagged_stripes","uniform","boundary",1,21,2,"Fast balanced",0.855,0.394166666666667,0.442333333333333,0.00744444444444444,0.132999999999999
"jagged_stripes","uniform","boundary",1,21,2,"Conservative fast",0.855333333333333,0.394583333333333,0.442666666666667,0.00711111111111111,0.161000000000001
"jagged_stripes","uniform","boundary",2,22,2,"Current default",0.856166666666667,0.404166666666667,0.451666666666667,0.009,0.228
"jagged_stripes","uniform","boundary",2,22,2,"Halo 0.25",0.85675,0.401666666666667,0.451,0.008,0.195
"jagged_stripes","uniform","boundary",2,22,2,"Halo 0.15",0.856083333333333,0.4,0.448333333333333,0.008,0.179
"jagged_stripes","uniform","boundary",2,22,2,"48 landmarks",0.855833333333333,0.402916666666667,0.450333333333333,0.009,0.186
"jagged_stripes","uniform","boundary",2,22,2,"8 epochs",0.856166666666667,0.405833333333333,0.453,0.00944444444444444,0.212
"jagged_stripes","uniform","boundary",2,22,2,"24 TV iterations",0.85575,0.402083333333333,0.449666666666667,0.00888888888888889,0.208
"jagged_stripes","uniform","boundary",2,22,2,"Fast balanced",0.856083333333333,0.397916666666667,0.445666666666667,0.00711111111111111,0.132
"jagged_stripes","uniform","boundary",2,22,2,"Conservative fast",0.855583333333333,0.395833333333333,0.444333333333333,0.00733333333333333,0.167
"jagged_stripes","uniform","random",1,23,2,"Current default",0.955666666666667,0.830833333333333,0.915333333333333,0.0308888888888889,0.223999999999998
"jagged_stripes","uniform","random",1,23,2,"Halo 0.25",0.957666666666667,0.835833333333333,0.918666666666667,0.0293333333333333,0.193999999999999
"jagged_stripes","uniform","random",1,23,2,"Halo 0.15",0.958083333333333,0.838333333333333,0.918333333333333,0.0286666666666667,0.177
"jagged_stripes","uniform","random",1,23,2,"48 landmarks",0.956,0.830833333333333,0.916,0.0306666666666667,0.179
"jagged_stripes","uniform","random",1,23,2,"8 epochs",0.956083333333333,0.831666666666667,0.915,0.0302222222222222,0.209000000000001
"jagged_stripes","uniform","random",1,23,2,"24 TV iterations",0.955583333333333,0.829583333333333,0.915666666666667,0.0311111111111111,0.208
"jagged_stripes","uniform","random",1,23,2,"Fast balanced",0.957583333333333,0.835,0.918666666666667,0.0294444444444444,0.135999999999999
"jagged_stripes","uniform","random",1,23,2,"Conservative fast",0.957666666666667,0.835416666666667,0.919333333333333,0.0295555555555556,0.163
"jagged_stripes","uniform","random",2,24,2,"Current default",0.958416666666667,0.829583333333333,0.913666666666667,0.0266666666666667,0.23
"jagged_stripes","uniform","random",2,24,2,"Halo 0.25",0.959083333333333,0.83125,0.914333333333333,0.026,0.198
"jagged_stripes","uniform","random",2,24,2,"Halo 0.15",0.959333333333333,0.832083333333333,0.914333333333333,0.0256666666666667,0.177999999999999
"jagged_stripes","uniform","random",2,24,2,"48 landmarks",0.958416666666667,0.829583333333333,0.913666666666667,0.0266666666666667,0.18
"jagged_stripes","uniform","random",2,24,2,"8 epochs",0.958333333333333,0.82875,0.914,0.0268888888888889,0.213000000000001
"jagged_stripes","uniform","random",2,24,2,"24 TV iterations",0.958916666666667,0.831666666666667,0.914,0.0261111111111111,0.213000000000001
"jagged_stripes","uniform","random",2,24,2,"Fast balanced",0.960083333333333,0.835,0.915,0.0248888888888889,0.130000000000001
"jagged_stripes","uniform","random",2,24,2,"Conservative fast",0.96,0.834583333333333,0.914333333333333,0.0247777777777778,0.167999999999999
"layers3d","extreme","boundary",1,25,3,"Current default",0.939333333333333,0.795833333333333,0.809333333333333,0.0173333333333333,0.294
"layers3d","extreme","boundary",1,25,3,"Halo 0.25",0.940583333333333,0.79875,0.813666666666667,0.0171111111111111,0.241000000000001
"layers3d","extreme","boundary",1,25,3,"Halo 0.15",0.940083333333333,0.7975,0.813,0.0175555555555556,0.212
"layers3d","extreme","boundary",1,25,3,"48 landmarks",0.939166666666667,0.794583333333333,0.808333333333333,0.0172222222222222,0.228999999999999
"layers3d","extreme","boundary",1,25,3,"8 epochs",0.9395,0.79375,0.808333333333333,0.0167777777777778,0.272
"layers3d","extreme","boundary",1,25,3,"24 TV iterations",0.939416666666667,0.794583333333333,0.808666666666667,0.017,0.266
"layers3d","extreme","boundary",1,25,3,"Fast balanced",0.94,0.794583333333333,0.81,0.0166666666666667,0.162000000000001
"layers3d","extreme","boundary",1,25,3,"Conservative fast",0.940833333333333,0.798333333333333,0.813333333333333,0.0166666666666667,0.207000000000001
"layers3d","extreme","boundary",2,26,3,"Current default",0.967583333333333,0.925,0.925,0.0182222222222222,0.260999999999999
"layers3d","extreme","boundary",2,26,3,"Halo 0.25",0.96825,0.925416666666667,0.925333333333333,0.0174444444444444,0.225999999999999
"layers3d","extreme","boundary",2,26,3,"Halo 0.15",0.96825,0.925833333333333,0.925666666666667,0.0175555555555556,0.197000000000001
"layers3d","extreme","boundary",2,26,3,"48 landmarks",0.967166666666667,0.923333333333333,0.923333333333333,0.0182222222222222,0.209000000000001
"layers3d","extreme","boundary",2,26,3,"8 epochs",0.967666666666667,0.924583333333333,0.924666666666667,0.018,0.245000000000001
"layers3d","extreme","boundary",2,26,3,"24 TV iterations",0.967416666666667,0.924583333333333,0.924666666666667,0.0183333333333333,0.248999999999999
"layers3d","extreme","boundary",2,26,3,"Fast balanced",0.968416666666667,0.925,0.925,0.0171111111111111,0.154
"layers3d","extreme","boundary",2,26,3,"Conservative fast",0.9685,0.92625,0.926,0.0173333333333333,0.19
"layers3d","extreme","random",1,27,3,"Current default",0.94175,0.834166666666667,0.91,0.0476666666666667,0.258999999999999
"layers3d","extreme","random",1,27,3,"Halo 0.25",0.942333333333333,0.830833333333333,0.907666666666667,0.0461111111111111,0.218
"layers3d","extreme","random",1,27,3,"Halo 0.15",0.943,0.83125,0.91,0.046,0.193999999999999
"layers3d","extreme","random",1,27,3,"48 landmarks",0.942,0.833333333333333,0.910333333333333,0.0474444444444444,0.200999999999999
"layers3d","extreme","random",1,27,3,"8 epochs",0.941583333333333,0.83375,0.909,0.0475555555555556,0.23
"layers3d","extreme","random",1,27,3,"24 TV iterations",0.941583333333333,0.833333333333333,0.909666666666667,0.0477777777777778,0.237
"layers3d","extreme","random",1,27,3,"Fast balanced",0.942666666666667,0.83375,0.908,0.0457777777777778,0.148
"layers3d","extreme","random",1,27,3,"Conservative fast",0.94275,0.834166666666667,0.909,0.046,0.186
"layers3d","extreme","random",2,28,3,"Current default",0.93425,0.85625,0.886666666666667,0.0498888888888889,0.301
"layers3d","extreme","random",2,28,3,"Halo 0.25",0.934583333333333,0.857083333333333,0.887666666666667,0.0497777777777778,0.254000000000001
"layers3d","extreme","random",2,28,3,"Halo 0.15",0.933916666666667,0.855416666666667,0.886666666666667,0.0503333333333333,0.217000000000001
"layers3d","extreme","random",2,28,3,"48 landmarks",0.935,0.8575,0.887333333333333,0.0491111111111111,0.233000000000001
"layers3d","extreme","random",2,28,3,"8 epochs",0.934833333333333,0.855833333333333,0.888333333333333,0.0496666666666667,0.273
"layers3d","extreme","random",2,28,3,"24 TV iterations",0.934166666666667,0.855833333333333,0.886666666666667,0.05,0.279
"layers3d","extreme","random",2,28,3,"Fast balanced",0.93425,0.855416666666667,0.888,0.0503333333333333,0.174
"layers3d","extreme","random",2,28,3,"Conservative fast",0.93425,0.855833333333333,0.887333333333333,0.0501111111111111,0.215000000000002
"layers3d","uniform","boundary",1,29,3,"Current default",0.893416666666667,0.567916666666667,0.601333333333333,0.00922222222222222,0.251999999999999
"layers3d","uniform","boundary",1,29,3,"Halo 0.25",0.894083333333333,0.567916666666667,0.602,0.00855555555555556,0.216000000000001
"layers3d","uniform","boundary",1,29,3,"Halo 0.15",0.895,0.57,0.604666666666667,0.00822222222222222,0.193999999999999
"layers3d","uniform","boundary",1,29,3,"48 landmarks",0.893583333333333,0.567083333333333,0.600666666666667,0.00877777777777778,0.204000000000001
"layers3d","uniform","boundary",1,29,3,"8 epochs",0.8945,0.570416666666667,0.604333333333333,0.00877777777777778,0.237000000000002
"layers3d","uniform","boundary",1,29,3,"24 TV iterations",0.894416666666667,0.57125,0.604666666666667,0.009,0.236000000000001
"layers3d","uniform","boundary",1,29,3,"Fast balanced",0.893833333333333,0.567083333333333,0.601333333333333,0.00866666666666667,0.149000000000001
"layers3d","uniform","boundary",1,29,3,"Conservative fast",0.8945,0.568333333333333,0.603,0.00833333333333333,0.183
"layers3d","uniform","boundary",2,30,3,"Current default",0.893166666666667,0.55625,0.600333333333333,0.00922222222222222,0.251000000000001
"layers3d","uniform","boundary",2,30,3,"Halo 0.25",0.896416666666667,0.565833333333333,0.608,0.00744444444444444,0.222999999999999
"layers3d","uniform","boundary",2,30,3,"Halo 0.15",0.8955,0.560833333333333,0.604666666666667,0.00755555555555556,0.195
"layers3d","uniform","boundary",2,30,3,"48 landmarks",0.892333333333333,0.555,0.597,0.00922222222222222,0.201
"layers3d","uniform","boundary",2,30,3,"8 epochs",0.893416666666667,0.556666666666667,0.600333333333333,0.00888888888888889,0.238000000000003
"layers3d","uniform","boundary",2,30,3,"24 TV iterations",0.892666666666667,0.55625,0.598666666666667,0.00933333333333333,0.236000000000001
"layers3d","uniform","boundary",2,30,3,"Fast balanced",0.895416666666667,0.56375,0.605333333333333,0.00788888888888889,0.150000000000002
"layers3d","uniform","boundary",2,30,3,"Conservative fast",0.89525,0.560833333333333,0.603333333333333,0.00744444444444444,0.186
"layers3d","uniform","random",1,31,3,"Current default",0.941166666666667,0.78625,0.874,0.0364444444444444,0.25
"layers3d","uniform","random",1,31,3,"Halo 0.25",0.941,0.78375,0.872666666666667,0.0362222222222222,0.216000000000001
"layers3d","uniform","random",1,31,3,"Halo 0.15",0.939916666666667,0.78125,0.871,0.0371111111111111,0.195
"layers3d","uniform","random",1,31,3,"48 landmarks",0.941,0.785416666666667,0.872,0.036,0.204000000000001
"layers3d","uniform","random",1,31,3,"8 epochs",0.940416666666667,0.784583333333333,0.872,0.0367777777777778,0.231999999999999
"layers3d","uniform","random",1,31,3,"24 TV iterations",0.94125,0.78625,0.873,0.036,0.234000000000002
"layers3d","uniform","random",1,31,3,"Fast balanced",0.941583333333333,0.7875,0.873,0.0355555555555556,0.152999999999999
"layers3d","uniform","random",1,31,3,"Conservative fast",0.94125,0.78625,0.872666666666667,0.0358888888888889,0.186
"layers3d","uniform","random",2,32,3,"Current default",0.937,0.781666666666667,0.869666666666667,0.0405555555555556,0.255000000000001
"layers3d","uniform","random",2,32,3,"Halo 0.25",0.938,0.782083333333333,0.872666666666667,0.0402222222222222,0.221
"layers3d","uniform","random",2,32,3,"Halo 0.15",0.93875,0.785416666666667,0.872333333333333,0.0391111111111111,0.201
"layers3d","uniform","random",2,32,3,"48 landmarks",0.93725,0.7825,0.87,0.0403333333333333,0.206
"layers3d","uniform","random",2,32,3,"8 epochs",0.937666666666667,0.783333333333333,0.871666666666667,0.0403333333333333,0.244
"layers3d","uniform","random",2,32,3,"24 TV iterations",0.937666666666667,0.7825,0.871333333333333,0.0402222222222222,0.238000000000003
"layers3d","uniform","random",2,32,3,"Fast balanced",0.939083333333333,0.787083333333333,0.872333333333333,0.0386666666666667,0.157
"layers3d","uniform","random",2,32,3,"Conservative fast",0.938666666666667,0.787083333333333,0.872,0.0391111111111111,0.184000000000001
"rings","extreme","boundary",1,33,2,"Current default",0.915666666666667,0.632083333333333,0.673333333333333,0.00355555555555556,0.233000000000001
"rings","extreme","boundary",1,33,2,"Halo 0.25",0.912083333333333,0.61125,0.658,0.00322222222222222,0.216000000000001
"rings","extreme","boundary",1,33,2,"Halo 0.15",0.910333333333333,0.60375,0.650666666666667,0.00311111111111111,0.177
"rings","extreme","boundary",1,33,2,"48 landmarks",0.9165,0.635,0.676666666666667,0.00355555555555556,0.178999999999998
"rings","extreme","boundary",1,33,2,"8 epochs",0.91525,0.629583333333333,0.672,0.00366666666666667,0.209
"rings","extreme","boundary",1,33,2,"24 TV iterations",0.91675,0.634166666666667,0.677333333333333,0.00344444444444444,0.214000000000002
"rings","extreme","boundary",1,33,2,"Fast balanced",0.918166666666667,0.637916666666667,0.682333333333333,0.00322222222222222,0.132999999999999
"rings","extreme","boundary",1,33,2,"Conservative fast",0.918166666666667,0.637916666666667,0.682333333333333,0.00322222222222222,0.164999999999999
"rings","extreme","boundary",2,34,2,"Current default",0.864416666666667,0.399583333333333,0.468333333333333,0.00355555555555556,0.202999999999999
"rings","extreme","boundary",2,34,2,"Halo 0.25",0.863916666666667,0.395,0.464,0.00277777777777778,0.180999999999997
"rings","extreme","boundary",2,34,2,"Halo 0.15",0.8635,0.391666666666667,0.462666666666667,0.00288888888888889,0.165999999999997
"rings","extreme","boundary",2,34,2,"48 landmarks",0.86475,0.40125,0.469666666666667,0.00355555555555556,0.193000000000001
"rings","extreme","boundary",2,34,2,"8 epochs",0.8635,0.39875,0.465333333333333,0.00377777777777778,0.193999999999999
"rings","extreme","boundary",2,34,2,"24 TV iterations",0.864,0.395833333333333,0.465666666666667,0.00322222222222222,0.187000000000001
"rings","extreme","boundary",2,34,2,"Fast balanced",0.862083333333333,0.386666666666667,0.455,0.00222222222222222,0.123999999999999
"rings","extreme","boundary",2,34,2,"Conservative fast",0.862083333333333,0.387916666666667,0.456,0.00255555555555556,0.155999999999999
"rings","extreme","random",1,35,2,"Current default",0.965166666666667,0.884166666666667,0.943,0.0274444444444444,0.247
"rings","extreme","random",1,35,2,"Halo 0.25",0.967083333333333,0.894583333333333,0.948333333333333,0.0266666666666667,0.207000000000001
"rings","extreme","random",1,35,2,"Halo 0.15",0.9665,0.89,0.945333333333333,0.0264444444444444,0.202000000000002
"rings","extreme","random",1,35,2,"48 landmarks",0.96525,0.884166666666667,0.943333333333333,0.0274444444444444,0.201
"rings","extreme","random",1,35,2,"8 epochs",0.96625,0.8875,0.944666666666667,0.0265555555555556,0.233999999999998
"rings","extreme","random",1,35,2,"24 TV iterations",0.965,0.885833333333333,0.943333333333333,0.0277777777777778,0.233999999999998
"rings","extreme","random",1,35,2,"Fast balanced",0.967666666666667,0.893333333333333,0.948333333333333,0.0258888888888889,0.134
"rings","extreme","random",1,35,2,"Conservative fast",0.967666666666667,0.893333333333333,0.948333333333333,0.0258888888888889,0.172000000000001
"rings","extreme","random",2,36,2,"Current default",0.970666666666667,0.899166666666667,0.946,0.0211111111111111,0.273
"rings","extreme","random",2,36,2,"Halo 0.25",0.969666666666667,0.894166666666667,0.943333333333333,0.0215555555555556,0.249000000000002
"rings","extreme","random",2,36,2,"Halo 0.15",0.969666666666667,0.89375,0.943,0.0214444444444444,0.192999999999998
"rings","extreme","random",2,36,2,"48 landmarks",0.971,0.899166666666667,0.946333333333333,0.0207777777777778,0.209
"rings","extreme","random",2,36,2,"8 epochs",0.971166666666667,0.9,0.946,0.0204444444444444,0.251999999999999
"rings","extreme","random",2,36,2,"24 TV iterations",0.970833333333333,0.9,0.946,0.0208888888888889,0.263999999999999
"rings","extreme","random",2,36,2,"Fast balanced",0.970083333333333,0.895416666666667,0.944333333333333,0.0213333333333333,0.145
"rings","extreme","random",2,36,2,"Conservative fast",0.970083333333333,0.895416666666667,0.944333333333333,0.0213333333333333,0.189999999999998
"rings","uniform","boundary",1,37,2,"Current default",0.89525,0.54,0.59,0.003,0.236000000000001
"rings","uniform","boundary",1,37,2,"Halo 0.25",0.89625,0.543333333333333,0.593333333333333,0.00277777777777778,0.206000000000003
"rings","uniform","boundary",1,37,2,"Halo 0.15",0.895583333333333,0.54125,0.591,0.00288888888888889,0.18
"rings","uniform","boundary",1,37,2,"48 landmarks",0.895166666666667,0.539583333333333,0.589666666666667,0.003,0.180999999999997
"rings","uniform","boundary",1,37,2,"8 epochs",0.894083333333333,0.53375,0.585,0.00288888888888889,0.212
"rings","uniform","boundary",1,37,2,"24 TV iterations",0.895916666666667,0.54,0.591333333333333,0.00255555555555556,0.207000000000001
"rings","uniform","boundary",1,37,2,"Fast balanced",0.894166666666667,0.532083333333333,0.585,0.00277777777777778,0.132000000000001
"rings","uniform","boundary",1,37,2,"Conservative fast",0.895,0.535833333333333,0.588333333333333,0.00277777777777778,0.158000000000001
"rings","uniform","boundary",2,38,2,"Current default",0.892416666666667,0.535416666666667,0.581666666666667,0.004,0.225000000000001
"rings","uniform","boundary",2,38,2,"Halo 0.25",0.893,0.537916666666667,0.582333333333333,0.00344444444444444,0.193000000000001
"rings","uniform","boundary",2,38,2,"Halo 0.15",0.893,0.537916666666667,0.583,0.00366666666666667,0.175000000000001
"rings","uniform","boundary",2,38,2,"48 landmarks",0.892,0.532916666666667,0.58,0.004,0.183
"rings","uniform","boundary",2,38,2,"8 epochs",0.892833333333333,0.533333333333333,0.582333333333333,0.00366666666666667,0.209000000000003
"rings","uniform","boundary",2,38,2,"24 TV iterations",0.891916666666667,0.530416666666667,0.578666666666667,0.00366666666666667,0.206
"rings","uniform","boundary",2,38,2,"Fast balanced",0.890416666666667,0.525416666666667,0.572666666666667,0.00366666666666667,0.129999999999999
"rings","uniform","boundary",2,38,2,"Conservative fast",0.890583333333333,0.52625,0.573666666666667,0.00377777777777778,0.163
"rings","uniform","random",1,39,2,"Current default",0.97275,0.871666666666667,0.944666666666667,0.0178888888888889,0.225000000000001
"rings","uniform","random",1,39,2,"Halo 0.25",0.974,0.87625,0.947333333333333,0.0171111111111111,0.201
"rings","uniform","random",1,39,2,"Halo 0.15",0.972583333333333,0.872916666666667,0.943666666666667,0.0177777777777778,0.183
"rings","uniform","random",1,39,2,"48 landmarks",0.97275,0.871666666666667,0.944666666666667,0.0178888888888889,0.178000000000001
"rings","uniform","random",1,39,2,"8 epochs",0.97325,0.874166666666667,0.946666666666667,0.0178888888888889,0.207999999999998
"rings","uniform","random",1,39,2,"24 TV iterations",0.97275,0.871666666666667,0.944666666666667,0.0178888888888889,0.202999999999999
"rings","uniform","random",1,39,2,"Fast balanced",0.972166666666667,0.870416666666667,0.941666666666667,0.0176666666666667,0.134
"rings","uniform","random",1,39,2,"Conservative fast",0.972083333333333,0.869583333333333,0.942,0.0178888888888889,0.165000000000003
"rings","uniform","random",2,40,2,"Current default",0.973166666666667,0.874166666666667,0.945666666666667,0.0176666666666667,0.231999999999999
"rings","uniform","random",2,40,2,"Halo 0.25",0.973416666666667,0.875416666666667,0.944666666666667,0.017,0.198
"rings","uniform","random",2,40,2,"Halo 0.15",0.974,0.8775,0.946333333333333,0.0167777777777778,0.171999999999997
"rings","uniform","random",2,40,2,"48 landmarks",0.973166666666667,0.874166666666667,0.945666666666667,0.0176666666666667,0.175999999999998
"rings","uniform","random",2,40,2,"8 epochs",0.97275,0.872083333333333,0.945333333333333,0.0181111111111111,0.206
"rings","uniform","random",2,40,2,"24 TV iterations",0.972916666666667,0.872916666666667,0.945,0.0177777777777778,0.215
"rings","uniform","random",2,40,2,"Fast balanced",0.9735,0.875833333333333,0.945333333333333,0.0171111111111111,0.128
"rings","uniform","random",2,40,2,"Conservative fast",0.973416666666667,0.875416666666667,0.945333333333333,0.0172222222222222,0.16
"thin_layers","extreme","boundary",1,41,2,"Current default",0.970083333333333,0.970083333333333,0.907,0.00888888888888889,0.228000000000002
"thin_layers","extreme","boundary",1,41,2,"Halo 0.25",0.9675,0.9675,0.893,0.00766666666666667,0.198
"thin_layers","extreme","boundary",1,41,2,"Halo 0.15",0.967416666666667,0.967416666666667,0.892666666666667,0.00766666666666667,0.18
"thin_layers","extreme","boundary",1,41,2,"48 landmarks",0.97,0.97,0.906666666666667,0.00888888888888889,0.177
"thin_layers","extreme","boundary",1,41,2,"8 epochs",0.970333333333333,0.970333333333333,0.908333333333333,0.009,0.239000000000001
"thin_layers","extreme","boundary",1,41,2,"24 TV iterations",0.970083333333333,0.970083333333333,0.907,0.00888888888888889,0.224
"thin_layers","extreme","boundary",1,41,2,"Fast balanced",0.968416666666667,0.968416666666667,0.898666666666667,0.00833333333333333,0.129999999999999
"thin_layers","extreme","boundary",1,41,2,"Conservative fast",0.9685,0.9685,0.898666666666667,0.00822222222222222,0.161999999999999
"thin_layers","extreme","boundary",2,42,2,"Current default",0.970083333333333,0.970083333333333,0.916,0.0118888888888889,0.216000000000001
"thin_layers","extreme","boundary",2,42,2,"Halo 0.25",0.969166666666667,0.969166666666667,0.913666666666667,0.0123333333333333,0.186
"thin_layers","extreme","boundary",2,42,2,"Halo 0.15",0.968583333333333,0.968583333333333,0.909333333333333,0.0116666666666667,0.174
"thin_layers","extreme","boundary",2,42,2,"48 landmarks",0.970083333333333,0.970083333333333,0.916,0.0118888888888889,0.174
"thin_layers","extreme","boundary",2,42,2,"8 epochs",0.970083333333333,0.970083333333333,0.916,0.0118888888888889,0.201
"thin_layers","extreme","boundary",2,42,2,"24 TV iterations",0.97,0.97,0.915666666666667,0.0118888888888889,0.204999999999998
"thin_layers","extreme","boundary",2,42,2,"Fast balanced",0.967916666666667,0.967916666666667,0.908333333333333,0.0122222222222222,0.141999999999999
"thin_layers","extreme","boundary",2,42,2,"Conservative fast",0.968,0.968,0.908666666666667,0.0122222222222222,0.175000000000001
"thin_layers","extreme","random",1,43,2,"Current default",0.95325,0.884583333333333,0.938,0.0416666666666667,0.228999999999999
"thin_layers","extreme","random",1,43,2,"Halo 0.25",0.952833333333333,0.882083333333333,0.938333333333333,0.0423333333333333,0.198
"thin_layers","extreme","random",1,43,2,"Halo 0.15",0.954916666666667,0.884583333333333,0.941666666666667,0.0406666666666667,0.172999999999998
"thin_layers","extreme","random",1,43,2,"48 landmarks",0.953583333333333,0.884583333333333,0.939333333333333,0.0416666666666667,0.187000000000001
"thin_layers","extreme","random",1,43,2,"8 epochs",0.954166666666667,0.885416666666667,0.94,0.0411111111111111,0.244
"thin_layers","extreme","random",1,43,2,"24 TV iterations",0.95325,0.884583333333333,0.938,0.0416666666666667,0.235999999999997
"thin_layers","extreme","random",1,43,2,"Fast balanced",0.953333333333333,0.883333333333333,0.938666666666667,0.0417777777777778,0.131
"thin_layers","extreme","random",1,43,2,"Conservative fast",0.953333333333333,0.883333333333333,0.938666666666667,0.0417777777777778,0.166999999999998
"thin_layers","extreme","random",2,44,2,"Current default",0.943583333333333,0.927083333333333,0.923333333333333,0.0496666666666667,0.250999999999998
"thin_layers","extreme","random",2,44,2,"Halo 0.25",0.945,0.92625,0.926666666666667,0.0488888888888889,0.212000000000003
"thin_layers","extreme","random",2,44,2,"Halo 0.15",0.94775,0.927083333333333,0.930333333333333,0.0464444444444444,0.183
"thin_layers","extreme","random",2,44,2,"48 landmarks",0.943416666666667,0.926666666666667,0.923,0.0497777777777778,0.218
"thin_layers","extreme","random",2,44,2,"8 epochs",0.944333333333333,0.92625,0.925,0.0492222222222222,0.235000000000003
"thin_layers","extreme","random",2,44,2,"24 TV iterations",0.94325,0.927083333333333,0.922333333333333,0.0497777777777778,0.234999999999999
"thin_layers","extreme","random",2,44,2,"Fast balanced",0.945333333333333,0.92625,0.927333333333333,0.0486666666666667,0.148
"thin_layers","extreme","random",2,44,2,"Conservative fast",0.94525,0.92625,0.927,0.0486666666666667,0.183
"thin_layers","uniform","boundary",1,45,2,"Current default",0.899833333333333,0.899833333333333,0.626,0.00888888888888889,0.222999999999999
"thin_layers","uniform","boundary",1,45,2,"Halo 0.25",0.899833333333333,0.899833333333333,0.625,0.00855555555555556,0.221
"thin_layers","uniform","boundary",1,45,2,"Halo 0.15",0.90125,0.90125,0.63,0.00833333333333333,0.192
"thin_layers","uniform","boundary",1,45,2,"48 landmarks",0.899416666666667,0.899416666666667,0.625,0.00911111111111111,0.175999999999998
"thin_layers","uniform","boundary",1,45,2,"8 epochs",0.899666666666667,0.899666666666667,0.625666666666667,0.009,0.210000000000001
"thin_layers","uniform","boundary",1,45,2,"24 TV iterations",0.900083333333333,0.900083333333333,0.627333333333333,0.009,0.199999999999999
"thin_layers","uniform","boundary",1,45,2,"Fast balanced",0.899666666666667,0.899666666666667,0.622666666666667,0.008,0.126000000000001
"thin_layers","uniform","boundary",1,45,2,"Conservative fast",0.900166666666667,0.900166666666667,0.624666666666667,0.008,0.154999999999998
"thin_layers","uniform","boundary",2,46,2,"Current default",0.90525,0.90525,0.648333333333333,0.00911111111111111,0.228999999999999
"thin_layers","uniform","boundary",2,46,2,"Halo 0.25",0.904166666666667,0.904166666666667,0.646666666666667,0.01,0.190999999999999
"thin_layers","uniform","boundary",2,46,2,"Halo 0.15",0.907,0.907,0.654666666666667,0.00888888888888889,0.172000000000001
"thin_layers","uniform","boundary",2,46,2,"48 landmarks",0.905,0.905,0.647333333333333,0.00911111111111111,0.181999999999999
"thin_layers","uniform","boundary",2,46,2,"8 epochs",0.904,0.904,0.642,0.00866666666666667,0.238
"thin_layers","uniform","boundary",2,46,2,"24 TV iterations",0.904583333333333,0.904583333333333,0.645,0.00888888888888889,0.207999999999998
"thin_layers","uniform","boundary",2,46,2,"Fast balanced",0.904,0.904,0.645,0.00966666666666667,0.130000000000003
"thin_layers","uniform","boundary",2,46,2,"Conservative fast",0.903916666666667,0.903916666666667,0.644666666666667,0.00966666666666667,0.169
"thin_layers","uniform","random",1,47,2,"Current default",0.975916666666667,0.975916666666667,0.942666666666667,0.013,0.222999999999999
"thin_layers","uniform","random",1,47,2,"Halo 0.25",0.975583333333333,0.975583333333333,0.942333333333333,0.0133333333333333,0.204999999999998
"thin_layers","uniform","random",1,47,2,"Halo 0.15",0.975583333333333,0.975583333333333,0.941333333333333,0.013,0.199000000000002
"thin_layers","uniform","random",1,47,2,"48 landmarks",0.976,0.976,0.942666666666667,0.0128888888888889,0.174
"thin_layers","uniform","random",1,47,2,"8 epochs",0.976166666666667,0.976166666666667,0.943333333333333,0.0128888888888889,0.204000000000001
"thin_layers","uniform","random",1,47,2,"24 TV iterations",0.975666666666667,0.975666666666667,0.942,0.0131111111111111,0.203999999999997
"thin_layers","uniform","random",1,47,2,"Fast balanced",0.97575,0.97575,0.943,0.0133333333333333,0.128999999999998
"thin_layers","uniform","random",1,47,2,"Conservative fast",0.975666666666667,0.975666666666667,0.942666666666667,0.0133333333333333,0.157
"thin_layers","uniform","random",2,48,2,"Current default",0.97525,0.97525,0.944666666666667,0.0145555555555556,0.269000000000002
"thin_layers","uniform","random",2,48,2,"Halo 0.25",0.976166666666667,0.976166666666667,0.945,0.0134444444444444,0.212
"thin_layers","uniform","random",2,48,2,"Halo 0.15",0.975666666666667,0.975666666666667,0.944666666666667,0.014,0.177
"thin_layers","uniform","random",2,48,2,"48 landmarks",0.97525,0.97525,0.944666666666667,0.0145555555555556,0.184000000000001
"thin_layers","uniform","random",2,48,2,"8 epochs",0.974166666666667,0.974166666666667,0.941333333333333,0.0148888888888889,0.201999999999998
"thin_layers","uniform","random",2,48,2,"24 TV iterations",0.975416666666667,0.975416666666667,0.945,0.0144444444444444,0.201
"thin_layers","uniform","random",2,48,2,"Fast balanced",0.97575,0.97575,0.944666666666667,0.0138888888888889,0.117999999999999
"thin_layers","uniform","random",2,48,2,"Conservative fast",0.97575,0.97575,0.944666666666667,0.0138888888888889,0.147000000000002
