"pattern","density_profile","noise_type","replicate","scenario","dimensions","variant","accuracy","boundary_accuracy","correction_recall","damage_rate","seconds"
"intermixed","extreme","boundary",1,1,2,"Full marginSVM",0.917333333333333,0.755833333333333,0.764666666666667,0.0317777777777778,0.101
"intermixed","extreme","boundary",1,1,2,"No cross-fitting",0.918,0.759166666666667,0.768,0.032,0.098
"intermixed","extreme","boundary",1,1,2,"Regular tiles only",0.9175,0.755,0.764,0.0313333333333333,0.0680000000000001
"intermixed","extreme","boundary",1,1,2,"No tile overlap",0.919,0.763333333333333,0.772,0.032,0.0899999999999999
"intermixed","extreme","boundary",1,1,2,"No graph fusion",0.914833333333333,0.7125,0.722,0.0208888888888889,0.097
"intermixed","extreme","boundary",1,1,2,"No TV decoding",0.8835,0.564166666666667,0.582,0.016,0.101
"intermixed","extreme","boundary",1,1,2,"No robust ramp",0.917333333333333,0.755833333333333,0.764666666666667,0.0317777777777778,0.0980000000000001
"intermixed","extreme","boundary",2,2,2,"Full marginSVM",0.915,0.749166666666667,0.761333333333333,0.0337777777777778,0.097
"intermixed","extreme","boundary",2,2,2,"No cross-fitting",0.914833333333333,0.75,0.761333333333333,0.034,0.095
"intermixed","extreme","boundary",2,2,2,"Regular tiles only",0.916333333333333,0.753333333333333,0.765333333333333,0.0333333333333333,0.0660000000000001
"intermixed","extreme","boundary",2,2,2,"No tile overlap",0.915333333333333,0.750833333333333,0.762666666666667,0.0337777777777778,0.0899999999999999
"intermixed","extreme","boundary",2,2,2,"No graph fusion",0.915166666666667,0.726666666666667,0.736666666666667,0.0253333333333333,0.097
"intermixed","extreme","boundary",2,2,2,"No TV decoding",0.882833333333333,0.558333333333333,0.582666666666667,0.0171111111111111,0.0959999999999999
"intermixed","extreme","boundary",2,2,2,"No robust ramp",0.915,0.749166666666667,0.761333333333333,0.0337777777777778,0.095
"intermixed","extreme","boundary",3,3,2,"Full marginSVM",0.9025,0.735,0.738,0.0426666666666667,0.106
"intermixed","extreme","boundary",3,3,2,"No cross-fitting",0.902166666666667,0.734166666666667,0.737333333333333,0.0428888888888889,0.0959999999999999
"intermixed","extreme","boundary",3,3,2,"Regular tiles only",0.902166666666667,0.734166666666667,0.737333333333333,0.0428888888888889,0.0660000000000001
"intermixed","extreme","boundary",3,3,2,"No tile overlap",0.902333333333333,0.735833333333333,0.738666666666667,0.0431111111111111,0.091
"intermixed","extreme","boundary",3,3,2,"No graph fusion",0.898166666666667,0.6725,0.676,0.0277777777777778,0.0980000000000001
"intermixed","extreme","boundary",3,3,2,"No TV decoding",0.889,0.61,0.614666666666667,0.0195555555555556,0.097
"intermixed","extreme","boundary",3,3,2,"No robust ramp",0.9025,0.735,0.738,0.0426666666666667,0.0999999999999999
"intermixed","extreme","random",1,4,2,"Full marginSVM",0.915,0.855833333333333,0.877333333333333,0.0724444444444445,0.099
"intermixed","extreme","random",1,4,2,"No cross-fitting",0.914833333333333,0.855833333333333,0.876666666666667,0.0724444444444445,0.0959999999999999
"intermixed","extreme","random",1,4,2,"Regular tiles only",0.914666666666667,0.855833333333333,0.875333333333333,0.0722222222222222,0.067
"intermixed","extreme","random",1,4,2,"No tile overlap",0.914833333333333,0.855,0.876666666666667,0.0724444444444445,0.093
"intermixed","extreme","random",1,4,2,"No graph fusion",0.925833333333333,0.87,0.854,0.0502222222222222,0.097
"intermixed","extreme","random",1,4,2,"No TV decoding",0.9195,0.880833333333333,0.804666666666667,0.0422222222222222,0.095
"intermixed","extreme","random",1,4,2,"No robust ramp",0.915,0.855833333333333,0.877333333333333,0.0724444444444445,0.0940000000000001
"intermixed","extreme","random",2,5,2,"Full marginSVM",0.919833333333333,0.845833333333333,0.880666666666667,0.0671111111111111,0.099
"intermixed","extreme","random",2,5,2,"No cross-fitting",0.919833333333333,0.845833333333333,0.880666666666667,0.0671111111111111,0.0989999999999998
"intermixed","extreme","random",2,5,2,"Regular tiles only",0.919666666666667,0.845,0.880666666666667,0.0673333333333333,0.0699999999999998
"intermixed","extreme","random",2,5,2,"No tile overlap",0.9195,0.845833333333333,0.879333333333333,0.0671111111111111,0.0779999999999998
"intermixed","extreme","random",2,5,2,"No graph fusion",0.934,0.870833333333333,0.863333333333333,0.0424444444444444,0.101
"intermixed","extreme","random",2,5,2,"No TV decoding",0.925833333333333,0.868333333333333,0.822,0.0395555555555556,0.1
"intermixed","extreme","random",2,5,2,"No robust ramp",0.919833333333333,0.845833333333333,0.880666666666667,0.0671111111111111,0.0979999999999999
"intermixed","extreme","random",3,6,2,"Full marginSVM",0.917166666666667,0.855,0.874666666666667,0.0686666666666667,0.099
"intermixed","extreme","random",3,6,2,"No cross-fitting",0.9175,0.855833333333333,0.875333333333333,0.0684444444444444,0.0980000000000003
"intermixed","extreme","random",3,6,2,"Regular tiles only",0.917666666666667,0.855833333333333,0.876,0.0684444444444444,0.0679999999999996
"intermixed","extreme","random",3,6,2,"No tile overlap",0.917166666666667,0.855833333333333,0.874666666666667,0.0686666666666667,0.0779999999999998
"intermixed","extreme","random",3,6,2,"No graph fusion",0.931166666666667,0.875833333333333,0.865333333333333,0.0468888888888889,0.0989999999999998
"intermixed","extreme","random",3,6,2,"No TV decoding",0.917166666666667,0.864166666666667,0.801333333333333,0.0442222222222222,0.0979999999999999
"intermixed","extreme","random",3,6,2,"No robust ramp",0.917166666666667,0.855,0.874666666666667,0.0686666666666667,0.097
"intermixed","uniform","boundary",1,7,2,"Full marginSVM",0.851166666666667,0.455,0.488,0.0277777777777778,0.101
"intermixed","uniform","boundary",1,7,2,"No cross-fitting",0.850833333333333,0.454166666666667,0.487333333333333,0.028,0.103
"intermixed","uniform","boundary",1,7,2,"Regular tiles only",0.8505,0.453333333333333,0.485333333333333,0.0277777777777778,0.0710000000000002
"intermixed","uniform","boundary",1,7,2,"No tile overlap",0.850333333333333,0.454166666666667,0.486,0.0282222222222222,0.0779999999999998
"intermixed","uniform","boundary",1,7,2,"No graph fusion",0.8395,0.3925,0.425333333333333,0.0224444444444444,0.101
"intermixed","uniform","boundary",1,7,2,"No TV decoding",0.840833333333333,0.340833333333333,0.380666666666667,0.00577777777777778,0.102
"intermixed","uniform","boundary",1,7,2,"No robust ramp",0.851166666666667,0.455,0.488,0.0277777777777778,0.103
"intermixed","uniform","boundary",2,8,2,"Full marginSVM",0.851333333333333,0.471666666666667,0.491333333333333,0.0286666666666667,0.11
"intermixed","uniform","boundary",2,8,2,"No cross-fitting",0.851666666666667,0.4725,0.492666666666667,0.0286666666666667,0.103
"intermixed","uniform","boundary",2,8,2,"Regular tiles only",0.851666666666667,0.473333333333333,0.492666666666667,0.0286666666666667,0.0700000000000003
"intermixed","uniform","boundary",2,8,2,"No tile overlap",0.8515,0.473333333333333,0.492666666666667,0.0288888888888889,0.0800000000000001
"intermixed","uniform","boundary",2,8,2,"No graph fusion",0.838833333333333,0.4,0.424666666666667,0.0231111111111111,0.1
"intermixed","uniform","boundary",2,8,2,"No TV decoding",0.841166666666667,0.359166666666667,0.382,0.00577777777777778,0.0990000000000002
"intermixed","uniform","boundary",2,8,2,"No robust ramp",0.851333333333333,0.471666666666667,0.491333333333333,0.0286666666666667,0.0989999999999998
"intermixed","uniform","boundary",3,9,2,"Full marginSVM",0.850166666666667,0.475,0.487333333333333,0.0288888888888889,0.1
"intermixed","uniform","boundary",3,9,2,"No cross-fitting",0.849333333333333,0.4725,0.484666666666667,0.0291111111111111,0.101
"intermixed","uniform","boundary",3,9,2,"Regular tiles only",0.8495,0.475,0.486666666666667,0.0295555555555556,0.0720000000000001
"intermixed","uniform","boundary",3,9,2,"No tile overlap",0.850833333333333,0.4775,0.49,0.0288888888888889,0.0790000000000002
"intermixed","uniform","boundary",3,9,2,"No graph fusion",0.837666666666667,0.410833333333333,0.421333333333333,0.0235555555555556,0.1
"intermixed","uniform","boundary",3,9,2,"No TV decoding",0.8435,0.38,0.392666666666667,0.00622222222222222,0.0990000000000002
"intermixed","uniform","boundary",3,9,2,"No robust ramp",0.850166666666667,0.475,0.487333333333333,0.0288888888888889,0.097
"intermixed","uniform","random",1,10,2,"Full marginSVM",0.868166666666667,0.656666666666667,0.75,0.0924444444444444,0.0990000000000002
"intermixed","uniform","random",1,10,2,"No cross-fitting",0.868166666666667,0.656666666666667,0.746666666666667,0.0913333333333333,0.1
"intermixed","uniform","random",1,10,2,"Regular tiles only",0.868166666666667,0.655833333333333,0.748666666666667,0.092,0.0700000000000003
"intermixed","uniform","random",1,10,2,"No tile overlap",0.8685,0.658333333333333,0.749333333333333,0.0917777777777778,0.0780000000000003
"intermixed","uniform","random",1,10,2,"No graph fusion",0.870166666666667,0.690833333333333,0.704666666666667,0.0746666666666667,0.104
"intermixed","uniform","random",1,10,2,"No TV decoding",0.894166666666667,0.7675,0.669333333333333,0.0308888888888889,0.101
"intermixed","uniform","random",1,10,2,"No robust ramp",0.868166666666667,0.656666666666667,0.75,0.0924444444444444,0.0959999999999996
"intermixed","uniform","random",2,11,2,"Full marginSVM",0.881666666666667,0.6875,0.761333333333333,0.0782222222222222,0.101
"intermixed","uniform","random",2,11,2,"No cross-fitting",0.881666666666667,0.688333333333333,0.762,0.0784444444444444,0.101
"intermixed","uniform","random",2,11,2,"Regular tiles only",0.881,0.686666666666667,0.759333333333333,0.0784444444444444,0.0710000000000002
"intermixed","uniform","random",2,11,2,"No tile overlap",0.881666666666667,0.688333333333333,0.762,0.0784444444444444,0.0780000000000003
"intermixed","uniform","random",2,11,2,"No graph fusion",0.8865,0.725833333333333,0.721333333333333,0.0584444444444444,0.101
"intermixed","uniform","random",2,11,2,"No TV decoding",0.897333333333333,0.7425,0.679333333333333,0.03,0.103
"intermixed","uniform","random",2,11,2,"No robust ramp",0.881666666666667,0.6875,0.761333333333333,0.0782222222222222,0.1
"intermixed","uniform","random",3,12,2,"Full marginSVM",0.876333333333333,0.688333333333333,0.763333333333333,0.086,0.1
"intermixed","uniform","random",3,12,2,"No cross-fitting",0.876333333333333,0.688333333333333,0.763333333333333,0.086,0.1
"intermixed","uniform","random",3,12,2,"Regular tiles only",0.876333333333333,0.688333333333333,0.762,0.0855555555555556,0.0709999999999997
"intermixed","uniform","random",3,12,2,"No tile overlap",0.877,0.690833333333333,0.764,0.0853333333333333,0.081
"intermixed","uniform","random",3,12,2,"No graph fusion",0.8805,0.745833333333333,0.714,0.064,0.103
"intermixed","uniform","random",3,12,2,"No TV decoding",0.900833333333333,0.7775,0.687333333333333,0.028,0.103
"intermixed","uniform","random",3,12,2,"No robust ramp",0.876333333333333,0.688333333333333,0.763333333333333,0.086,0.0999999999999996
"islands","extreme","boundary",1,13,2,"Full marginSVM",0.7965,0.11,0.188,0.000666666666666667,0.101
"islands","extreme","boundary",1,13,2,"No cross-fitting",0.794166666666667,0.0941666666666667,0.178,0.000444444444444444,0.0950000000000002
"islands","extreme","boundary",1,13,2,"Regular tiles only",0.794333333333333,0.1,0.179333333333333,0.000666666666666667,0.0679999999999996
"islands","extreme","boundary",1,13,2,"No tile overlap",0.793833333333333,0.101666666666667,0.177333333333333,0.000666666666666667,0.077
"islands","extreme","boundary",1,13,2,"No graph fusion",0.8145,0.179166666666667,0.258666666666667,0.000222222222222222,0.101
"islands","extreme","boundary",1,13,2,"No TV decoding",0.784166666666667,0.0633333333333333,0.136666666666667,0,0.0970000000000004
"islands","extreme","boundary",1,13,2,"No robust ramp",0.7965,0.11,0.188,0.000666666666666667,0.0960000000000001
"islands","extreme","boundary",2,14,2,"Full marginSVM",0.824,0.145,0.298,0.000666666666666667,0.0990000000000002
"islands","extreme","boundary",2,14,2,"No cross-fitting",0.818666666666667,0.12,0.276666666666667,0.000666666666666667,0.0949999999999998
"islands","extreme","boundary",2,14,2,"Regular tiles only",0.821,0.129166666666667,0.286,0.000666666666666667,0.069
"islands","extreme","boundary",2,14,2,"No tile overlap",0.8235,0.140833333333333,0.296,0.000666666666666667,0.077
"islands","extreme","boundary",2,14,2,"No graph fusion",0.8405,0.220833333333333,0.362666666666667,0.000222222222222222,0.100000000000001
"islands","extreme","boundary",2,14,2,"No TV decoding",0.816333333333333,0.113333333333333,0.266,0.000222222222222222,0.0950000000000006
"islands","extreme","boundary",2,14,2,"No robust ramp",0.823,0.14,0.294,0.000666666666666667,0.0940000000000003
"islands","extreme","boundary",3,15,2,"Full marginSVM",0.792833333333333,0.0725,0.176666666666667,0.00177777777777778,0.0960000000000001
"islands","extreme","boundary",3,15,2,"No cross-fitting",0.788,0.0608333333333333,0.158,0.002,0.0960000000000001
"islands","extreme","boundary",3,15,2,"Regular tiles only",0.7925,0.0716666666666667,0.176,0.002,0.0659999999999998
"islands","extreme","boundary",3,15,2,"No tile overlap",0.790666666666667,0.0683333333333333,0.168,0.00177777777777778,0.0759999999999996
"islands","extreme","boundary",3,15,2,"No graph fusion",0.8075,0.1225,0.234,0.00133333333333333,0.0939999999999994
"islands","extreme","boundary",3,15,2,"No TV decoding",0.7865,0.0508333333333333,0.147333333333333,0.000444444444444444,0.0960000000000001
"islands","extreme","boundary",3,15,2,"No robust ramp",0.792833333333333,0.0725,0.176666666666667,0.00177777777777778,0.0939999999999994
"islands","extreme","random",1,16,2,"Full marginSVM",0.975833333333333,0.893333333333333,0.965333333333333,0.0206666666666667,0.107
"islands","extreme","random",1,16,2,"No cross-fitting",0.976833333333333,0.896666666666667,0.967333333333333,0.02,0.108
"islands","extreme","random",1,16,2,"Regular tiles only",0.972833333333333,0.8825,0.962666666666667,0.0237777777777778,0.0679999999999996
"islands","extreme","random",1,16,2,"No tile overlap",0.9785,0.9025,0.968666666666667,0.0182222222222222,0.0759999999999996
"islands","extreme","random",1,16,2,"No graph fusion",0.967833333333333,0.875,0.952,0.0268888888888889,0.111000000000001
"islands","extreme","random",1,16,2,"No TV decoding",0.975666666666667,0.905,0.953333333333333,0.0168888888888889,0.108
"islands","extreme","random",1,16,2,"No robust ramp",0.975833333333333,0.893333333333333,0.965333333333333,0.0206666666666667,0.106999999999999
"islands","extreme","random",2,17,2,"Full marginSVM",0.975833333333333,0.8975,0.967333333333333,0.0213333333333333,0.112
"islands","extreme","random",2,17,2,"No cross-fitting",0.976,0.896666666666667,0.966,0.0206666666666667,0.111
"islands","extreme","random",2,17,2,"Regular tiles only",0.976333333333333,0.900833333333333,0.968666666666667,0.0211111111111111,0.0679999999999996
"islands","extreme","random",2,17,2,"No tile overlap",0.978833333333333,0.903333333333333,0.969333333333333,0.018,0.0759999999999996
"islands","extreme","random",2,17,2,"No graph fusion",0.9655,0.875833333333333,0.951333333333333,0.0297777777777778,0.109
"islands","extreme","random",2,17,2,"No TV decoding",0.972833333333333,0.901666666666667,0.95,0.0195555555555556,0.109
"islands","extreme","random",2,17,2,"No robust ramp",0.976,0.8975,0.967333333333333,0.0211111111111111,0.107
"islands","extreme","random",3,18,2,"Full marginSVM",0.976666666666667,0.895,0.970666666666667,0.0213333333333333,0.112
"islands","extreme","random",3,18,2,"No cross-fitting",0.976833333333333,0.895,0.97,0.0208888888888889,0.109
"islands","extreme","random",3,18,2,"Regular tiles only",0.975,0.885,0.968,0.0226666666666667,0.069
"islands","extreme","random",3,18,2,"No tile overlap",0.979666666666667,0.905,0.971333333333333,0.0175555555555556,0.0739999999999998
"islands","extreme","random",3,18,2,"No graph fusion",0.964333333333333,0.868333333333333,0.952,0.0315555555555556,0.108
"islands","extreme","random",3,18,2,"No TV decoding",0.976,0.900833333333333,0.957333333333333,0.0177777777777778,0.108
"islands","extreme","random",3,18,2,"No robust ramp",0.976666666666667,0.895,0.970666666666667,0.0213333333333333,0.106999999999999
"islands","uniform","boundary",1,19,2,"Full marginSVM",0.800166666666667,0.0908333333333333,0.200666666666667,0,0.0949999999999998
"islands","uniform","boundary",1,19,2,"No cross-fitting",0.7995,0.0808333333333333,0.198666666666667,0.000222222222222222,0.0960000000000001
"islands","uniform","boundary",1,19,2,"Regular tiles only",0.800166666666667,0.0875,0.201333333333333,0.000222222222222222,0.0709999999999997
"islands","uniform","boundary",1,19,2,"No tile overlap",0.800666666666667,0.0858333333333333,0.203333333333333,0.000222222222222222,0.0729999999999995
"islands","uniform","boundary",1,19,2,"No graph fusion",0.824166666666667,0.191666666666667,0.297333333333333,0.000222222222222222,0.0939999999999994
"islands","uniform","boundary",1,19,2,"No TV decoding",0.791166666666667,0.0616666666666667,0.164666666666667,0,0.0939999999999994
"islands","uniform","boundary",1,19,2,"No robust ramp",0.800666666666667,0.0933333333333333,0.202666666666667,0,0.0940000000000003
"islands","uniform","boundary",2,20,2,"Full marginSVM",0.800666666666667,0.0875,0.204666666666667,0.000666666666666667,0.093
"islands","uniform","boundary",2,20,2,"No cross-fitting",0.799166666666667,0.0775,0.198,0.000444444444444444,0.0979999999999999
"islands","uniform","boundary",2,20,2,"Regular tiles only",0.800833333333333,0.0791666666666667,0.203333333333333,0,0.0659999999999998
"islands","uniform","boundary",2,20,2,"No tile overlap",0.8025,0.0816666666666667,0.211333333333333,0.000444444444444444,0.0780000000000003
"islands","uniform","boundary",2,20,2,"No graph fusion",0.817666666666667,0.155,0.272666666666667,0.000666666666666667,0.0989999999999993
"islands","uniform","boundary",2,20,2,"No TV decoding",0.792333333333333,0.0666666666666667,0.169333333333333,0,0.0939999999999994
"islands","uniform","boundary",2,20,2,"No robust ramp",0.8015,0.0875,0.208,0.000666666666666667,0.0940000000000003
"islands","uniform","boundary",3,21,2,"Full marginSVM",0.800333333333333,0.09,0.202,0.000222222222222222,0.0970000000000004
"islands","uniform","boundary",3,21,2,"No cross-fitting",0.798166666666667,0.0741666666666667,0.193333333333333,0.000222222222222222,0.093
"islands","uniform","boundary",3,21,2,"Regular tiles only",0.799333333333333,0.0833333333333333,0.198,0.000222222222222222,0.0670000000000002
"islands","uniform","boundary",3,21,2,"No tile overlap",0.803166666666667,0.0925,0.213333333333333,0.000222222222222222,0.0760000000000005
"islands","uniform","boundary",3,21,2,"No graph fusion",0.820166666666667,0.173333333333333,0.281333333333333,0.000222222222222222,0.0960000000000001
"islands","uniform","boundary",3,21,2,"No TV decoding",0.788,0.0533333333333333,0.152,0,0.093
"islands","uniform","boundary",3,21,2,"No robust ramp",0.8,0.0883333333333333,0.200666666666667,0.000222222222222222,0.0949999999999998
"islands","uniform","random",1,22,2,"Full marginSVM",0.993,0.965,0.98,0.00266666666666667,0.0999999999999996
"islands","uniform","random",1,22,2,"No cross-fitting",0.9925,0.9625,0.979333333333333,0.00311111111111111,0.0960000000000001
"islands","uniform","random",1,22,2,"Regular tiles only",0.992833333333333,0.964166666666667,0.980666666666667,0.00311111111111111,0.0700000000000003
"islands","uniform","random",1,22,2,"No tile overlap",0.993166666666667,0.965833333333333,0.98,0.00244444444444444,0.0730000000000004
"islands","uniform","random",1,22,2,"No graph fusion",0.991833333333333,0.959166666666667,0.974,0.00222222222222222,0.093
"islands","uniform","random",1,22,2,"No TV decoding",0.989333333333333,0.953333333333333,0.962,0.00155555555555556,0.093
"islands","uniform","random",1,22,2,"No robust ramp",0.993,0.965,0.98,0.00266666666666667,0.0950000000000006
"islands","uniform","random",2,23,2,"Full marginSVM",0.9915,0.9575,0.982666666666667,0.00555555555555556,0.0930000000000009
"islands","uniform","random",2,23,2,"No cross-fitting",0.9915,0.9575,0.983333333333333,0.00577777777777778,0.0970000000000004
"islands","uniform","random",2,23,2,"Regular tiles only",0.990833333333333,0.954166666666667,0.982666666666667,0.00644444444444444,0.0670000000000002
"islands","uniform","random",2,23,2,"No tile overlap",0.9905,0.9525,0.979333333333333,0.00577777777777778,0.0760000000000005
"islands","uniform","random",2,23,2,"No graph fusion",0.987,0.935,0.971333333333333,0.00777777777777778,0.0969999999999995
"islands","uniform","random",2,23,2,"No TV decoding",0.985833333333333,0.948333333333333,0.949333333333333,0.002,0.0949999999999998
"islands","uniform","random",2,23,2,"No robust ramp",0.9915,0.9575,0.982666666666667,0.00555555555555556,0.093
"islands","uniform","random",3,24,2,"Full marginSVM",0.990166666666667,0.950833333333333,0.982,0.00711111111111111,0.101
"islands","uniform","random",3,24,2,"No cross-fitting",0.989,0.945,0.98,0.008,0.0980000000000008
"islands","uniform","random",3,24,2,"Regular tiles only",0.989333333333333,0.946666666666667,0.981333333333333,0.008,0.0690000000000008
"islands","uniform","random",3,24,2,"No tile overlap",0.991166666666667,0.955833333333333,0.986,0.00711111111111111,0.077
"islands","uniform","random",3,24,2,"No graph fusion",0.989666666666667,0.948333333333333,0.976,0.00577777777777778,0.0990000000000002
"islands","uniform","random",3,24,2,"No TV decoding",0.989166666666667,0.9575,0.965333333333333,0.00288888888888889,0.0969999999999995
"islands","uniform","random",3,24,2,"No robust ramp",0.990166666666667,0.950833333333333,0.982,0.00711111111111111,0.0949999999999998
"jagged_stripes","extreme","boundary",1,25,2,"Full marginSVM",0.880333333333333,0.515833333333333,0.555333333333333,0.0113333333333333,0.0949999999999998
"jagged_stripes","extreme","boundary",1,25,2,"No cross-fitting",0.878833333333333,0.513333333333333,0.549333333333333,0.0113333333333333,0.0990000000000002
"jagged_stripes","extreme","boundary",1,25,2,"Regular tiles only",0.880833333333333,0.515,0.555333333333333,0.0106666666666667,0.0629999999999997
"jagged_stripes","extreme","boundary",1,25,2,"No tile overlap",0.878,0.510833333333333,0.545333333333333,0.0111111111111111,0.0750000000000002
"jagged_stripes","extreme","boundary",1,25,2,"No graph fusion",0.883166666666667,0.530833333333333,0.568666666666667,0.012,0.093
"jagged_stripes","extreme","boundary",1,25,2,"No TV decoding",0.863666666666667,0.420833333333333,0.464,0.00311111111111111,0.0899999999999999
"jagged_stripes","extreme","boundary",1,25,2,"No robust ramp",0.880333333333333,0.515833333333333,0.555333333333333,0.0113333333333333,0.0939999999999994
"jagged_stripes","extreme","boundary",2,26,2,"Full marginSVM",0.886166666666667,0.565,0.61,0.0217777777777778,0.115
"jagged_stripes","extreme","boundary",2,26,2,"No cross-fitting",0.884833333333333,0.563333333333333,0.605333333333333,0.022,0.114
"jagged_stripes","extreme","boundary",2,26,2,"Regular tiles only",0.885,0.560833333333333,0.608666666666667,0.0228888888888889,0.0680000000000005
"jagged_stripes","extreme","boundary",2,26,2,"No tile overlap",0.884,0.548333333333333,0.594666666666667,0.0195555555555556,0.077
"jagged_stripes","extreme","boundary",2,26,2,"No graph fusion",0.883833333333333,0.588333333333333,0.624666666666667,0.0297777777777778,0.114000000000001
"jagged_stripes","extreme","boundary",2,26,2,"No TV decoding",0.867166666666667,0.463333333333333,0.509333333333333,0.0135555555555556,0.113
"jagged_stripes","extreme","boundary",2,26,2,"No robust ramp",0.886166666666667,0.565,0.61,0.0217777777777778,0.113
"jagged_stripes","extreme","boundary",3,27,2,"Full marginSVM",0.8845,0.543333333333333,0.590666666666667,0.0175555555555556,0.113
"jagged_stripes","extreme","boundary",3,27,2,"No cross-fitting",0.887166666666667,0.558333333333333,0.602666666666667,0.018,0.114
"jagged_stripes","extreme","boundary",3,27,2,"Regular tiles only",0.885833333333333,0.550833333333333,0.599333333333333,0.0186666666666667,0.0720000000000001
"jagged_stripes","extreme","boundary",3,27,2,"No tile overlap",0.8835,0.539166666666667,0.584,0.0166666666666667,0.0789999999999997
"jagged_stripes","extreme","boundary",3,27,2,"No graph fusion",0.889833333333333,0.601666666666667,0.644666666666667,0.0284444444444444,0.113
"jagged_stripes","extreme","boundary",3,27,2,"No TV decoding",0.871,0.468333333333333,0.518,0.0113333333333333,0.111999999999999
"jagged_stripes","extreme","boundary",3,27,2,"No robust ramp",0.8845,0.543333333333333,0.590666666666667,0.0175555555555556,0.112
"jagged_stripes","extreme","random",1,28,2,"Full marginSVM",0.967333333333333,0.9075,0.948,0.0262222222222222,0.0920000000000005
"jagged_stripes","extreme","random",1,28,2,"No cross-fitting",0.967166666666667,0.905833333333333,0.948,0.0264444444444444,0.0969999999999995
"jagged_stripes","extreme","random",1,28,2,"Regular tiles only",0.966666666666667,0.905,0.948,0.0271111111111111,0.0659999999999998
"jagged_stripes","extreme","random",1,28,2,"No tile overlap",0.967833333333333,0.9125,0.947333333333333,0.0253333333333333,0.077
"jagged_stripes","extreme","random",1,28,2,"No graph fusion",0.959166666666667,0.896666666666667,0.929333333333333,0.0308888888888889,0.0940000000000003
"jagged_stripes","extreme","random",1,28,2,"No TV decoding",0.967833333333333,0.916666666666667,0.930666666666667,0.0197777777777778,0.093
"jagged_stripes","extreme","random",1,28,2,"No robust ramp",0.967333333333333,0.9075,0.948,0.0262222222222222,0.0909999999999993
"jagged_stripes","extreme","random",2,29,2,"Full marginSVM",0.959666666666667,0.909166666666667,0.947333333333333,0.0362222222222222,0.0949999999999998
"jagged_stripes","extreme","random",2,29,2,"No cross-fitting",0.958833333333333,0.91,0.948,0.0375555555555556,0.102
"jagged_stripes","extreme","random",2,29,2,"Regular tiles only",0.958333333333333,0.91,0.946,0.0375555555555556,0.0619999999999994
"jagged_stripes","extreme","random",2,29,2,"No tile overlap",0.9645,0.9175,0.954666666666667,0.0322222222222222,0.077
"jagged_stripes","extreme","random",2,29,2,"No graph fusion",0.952833333333333,0.898333333333333,0.93,0.0395555555555556,0.0960000000000001
"jagged_stripes","extreme","random",2,29,2,"No TV decoding",0.960833333333333,0.913333333333333,0.915333333333333,0.024,0.103
"jagged_stripes","extreme","random",2,29,2,"No robust ramp",0.959666666666667,0.909166666666667,0.947333333333333,0.0362222222222222,0.102
"jagged_stripes","extreme","random",3,30,2,"Full marginSVM",0.949666666666667,0.918333333333333,0.93,0.0437777777777778,0.102
"jagged_stripes","extreme","random",3,30,2,"No cross-fitting",0.949166666666667,0.918333333333333,0.929333333333333,0.0442222222222222,0.0970000000000013
"jagged_stripes","extreme","random",3,30,2,"Regular tiles only",0.949,0.916666666666667,0.928666666666667,0.0442222222222222,0.0689999999999991
"jagged_stripes","extreme","random",3,30,2,"No tile overlap",0.950333333333333,0.915833333333333,0.933333333333333,0.044,0.0779999999999994
"jagged_stripes","extreme","random",3,30,2,"No graph fusion",0.944666666666667,0.909166666666667,0.92,0.0471111111111111,0.105
"jagged_stripes","extreme","random",3,30,2,"No TV decoding",0.953666666666667,0.923333333333333,0.917333333333333,0.0342222222222222,0.116
"jagged_stripes","extreme","random",3,30,2,"No robust ramp",0.949666666666667,0.918333333333333,0.93,0.0437777777777778,0.124000000000001
"jagged_stripes","uniform","boundary",1,31,2,"Full marginSVM",0.862833333333333,0.471666666666667,0.509333333333333,0.0193333333333333,0.0989999999999993
"jagged_stripes","uniform","boundary",1,31,2,"No cross-fitting",0.863,0.473333333333333,0.513333333333333,0.0204444444444444,0.100000000000001
"jagged_stripes","uniform","boundary",1,31,2,"Regular tiles only",0.8645,0.4825,0.519333333333333,0.0204444444444444,0.0669999999999984
"jagged_stripes","uniform","boundary",1,31,2,"No tile overlap",0.8635,0.470833333333333,0.508,0.018,0.0750000000000011
"jagged_stripes","uniform","boundary",1,31,2,"No graph fusion",0.854,0.478333333333333,0.512,0.032,0.0999999999999996
"jagged_stripes","uniform","boundary",1,31,2,"No TV decoding",0.839333333333333,0.338333333333333,0.382666666666667,0.00844444444444444,0.103
"jagged_stripes","uniform","boundary",1,31,2,"No robust ramp",0.862833333333333,0.471666666666667,0.509333333333333,0.0193333333333333,0.108000000000001
"jagged_stripes","uniform","boundary",2,32,2,"Full marginSVM",0.864166666666667,0.460833333333333,0.506,0.0164444444444444,0.102
"jagged_stripes","uniform","boundary",2,32,2,"No cross-fitting",0.864833333333333,0.465833333333333,0.510666666666667,0.0171111111111111,0.102
"jagged_stripes","uniform","boundary",2,32,2,"Regular tiles only",0.866333333333333,0.4725,0.518,0.0175555555555556,0.0689999999999991
"jagged_stripes","uniform","boundary",2,32,2,"No tile overlap",0.865333333333333,0.4625,0.51,0.0162222222222222,0.0760000000000005
"jagged_stripes","uniform","boundary",2,32,2,"No graph fusion",0.8645,0.494166666666667,0.524666666666667,0.0222222222222222,0.102
"jagged_stripes","uniform","boundary",2,32,2,"No TV decoding",0.838666666666667,0.329166666666667,0.373333333333333,0.00622222222222222,0.104000000000001
"jagged_stripes","uniform","boundary",2,32,2,"No robust ramp",0.864,0.46,0.505333333333333,0.0164444444444444,0.106999999999999
"jagged_stripes","uniform","boundary",3,33,2,"Full marginSVM",0.862666666666667,0.455,0.494666666666667,0.0146666666666667,0.122
"jagged_stripes","uniform","boundary",3,33,2,"No cross-fitting",0.8635,0.455833333333333,0.496666666666667,0.0142222222222222,0.112
"jagged_stripes","uniform","boundary",3,33,2,"Regular tiles only",0.863833333333333,0.461666666666667,0.5,0.0148888888888889,0.0709999999999997
"jagged_stripes","uniform","boundary",3,33,2,"No tile overlap",0.863333333333333,0.448333333333333,0.490666666666667,0.0124444444444444,0.077
"jagged_stripes","uniform","boundary",3,33,2,"No graph fusion",0.868833333333333,0.515833333333333,0.540666666666667,0.0217777777777778,0.100999999999999
"jagged_stripes","uniform","boundary",3,33,2,"No TV decoding",0.8375,0.325833333333333,0.367333333333333,0.00577777777777778,0.0980000000000008
"jagged_stripes","uniform","boundary",3,33,2,"No robust ramp",0.862666666666667,0.455,0.494666666666667,0.0146666666666667,0.107000000000001
"jagged_stripes","uniform","random",1,34,2,"Full marginSVM",0.938166666666667,0.783333333333333,0.899333333333333,0.0488888888888889,0.115
"jagged_stripes","uniform","random",1,34,2,"No cross-fitting",0.938333333333333,0.785,0.898666666666667,0.0484444444444444,0.103
"jagged_stripes","uniform","random",1,34,2,"Regular tiles only",0.935,0.784166666666667,0.897333333333333,0.0524444444444444,0.0719999999999992
"jagged_stripes","uniform","random",1,34,2,"No tile overlap",0.9415,0.7875,0.902,0.0453333333333333,0.0760000000000005
"jagged_stripes","uniform","random",1,34,2,"No graph fusion",0.9185,0.771666666666667,0.862666666666667,0.0628888888888889,0.104999999999999
"jagged_stripes","uniform","random",1,34,2,"No TV decoding",0.948166666666667,0.845,0.842666666666667,0.0166666666666667,0.103000000000002
"jagged_stripes","uniform","random",1,34,2,"No robust ramp",0.938166666666667,0.783333333333333,0.899333333333333,0.0488888888888889,0.151999999999999
"jagged_stripes","uniform","random",2,35,2,"Full marginSVM",0.934,0.765,0.873333333333333,0.0457777777777778,0.101000000000001
"jagged_stripes","uniform","random",2,35,2,"No cross-fitting",0.9345,0.766666666666667,0.872666666666667,0.0448888888888889,0.123000000000001
"jagged_stripes","uniform","random",2,35,2,"Regular tiles only",0.932166666666667,0.764166666666667,0.872,0.0477777777777778,0.088000000000001
"jagged_stripes","uniform","random",2,35,2,"No tile overlap",0.934666666666667,0.765833333333333,0.870666666666667,0.044,0.0790000000000006
"jagged_stripes","uniform","random",2,35,2,"No graph fusion",0.915666666666667,0.764166666666667,0.824,0.0537777777777778,0.106
"jagged_stripes","uniform","random",2,35,2,"No TV decoding",0.940333333333333,0.805833333333333,0.827333333333333,0.022,0.0990000000000002
"jagged_stripes","uniform","random",2,35,2,"No robust ramp",0.934,0.765,0.873333333333333,0.0457777777777778,0.0999999999999996
"jagged_stripes","uniform","random",3,36,2,"Full marginSVM",0.9285,0.7675,0.872666666666667,0.0528888888888889,0.103
"jagged_stripes","uniform","random",3,36,2,"No cross-fitting",0.927,0.7675,0.869333333333333,0.0537777777777778,0.121
"jagged_stripes","uniform","random",3,36,2,"Regular tiles only",0.923166666666667,0.765,0.866,0.0577777777777778,0.0860000000000003
"jagged_stripes","uniform","random",3,36,2,"No tile overlap",0.931666666666667,0.765833333333333,0.874666666666667,0.0493333333333333,0.0800000000000001
"jagged_stripes","uniform","random",3,36,2,"No graph fusion",0.916,0.755833333333333,0.844666666666667,0.0602222222222222,0.103
"jagged_stripes","uniform","random",3,36,2,"No TV decoding",0.945,0.835,0.831333333333333,0.0171111111111111,0.0999999999999996
"jagged_stripes","uniform","random",3,36,2,"No robust ramp",0.9285,0.7675,0.872666666666667,0.0528888888888889,0.100999999999999
"layers3d","extreme","boundary",1,37,3,"Full marginSVM",0.913833333333333,0.671666666666667,0.689333333333333,0.0113333333333333,0.146000000000001
"layers3d","extreme","boundary",1,37,3,"No cross-fitting",0.914833333333333,0.670833333333333,0.690666666666667,0.0104444444444444,0.118
"layers3d","extreme","boundary",1,37,3,"Regular tiles only",0.916,0.674166666666667,0.695333333333333,0.0104444444444444,0.0750000000000011
"layers3d","extreme","boundary",1,37,3,"No tile overlap",0.918666666666667,0.680833333333333,0.699333333333333,0.00822222222222222,0.0940000000000012
"layers3d","extreme","boundary",1,37,3,"No graph fusion",0.904833333333333,0.655833333333333,0.668,0.0162222222222222,0.117000000000001
"layers3d","extreme","boundary",1,37,3,"No TV decoding",0.889333333333333,0.546666666666667,0.566,0.00288888888888889,0.115
"layers3d","extreme","boundary",1,37,3,"No robust ramp",0.913833333333333,0.671666666666667,0.689333333333333,0.0113333333333333,0.119
"layers3d","extreme","boundary",2,38,3,"Full marginSVM",0.910166666666667,0.666666666666667,0.689333333333333,0.0162222222222222,0.116000000000001
"layers3d","extreme","boundary",2,38,3,"No cross-fitting",0.912,0.665,0.689333333333333,0.0137777777777778,0.116
"layers3d","extreme","boundary",2,38,3,"Regular tiles only",0.915333333333333,0.680833333333333,0.707333333333333,0.0153333333333333,0.0830000000000002
"layers3d","extreme","boundary",2,38,3,"No tile overlap",0.915,0.681666666666667,0.705333333333333,0.0151111111111111,0.0850000000000009
"layers3d","extreme","boundary",2,38,3,"No graph fusion",0.899833333333333,0.635833333333333,0.654,0.0182222222222222,0.116000000000001
"layers3d","extreme","boundary",2,38,3,"No TV decoding",0.888166666666667,0.539166666666667,0.570666666666667,0.006,0.114999999999998
"layers3d","extreme","boundary",2,38,3,"No robust ramp",0.910166666666667,0.666666666666667,0.689333333333333,0.0162222222222222,0.116
"layers3d","extreme","boundary",3,39,3,"Full marginSVM",0.918166666666667,0.733333333333333,0.752,0.0264444444444444,0.151
"layers3d","extreme","boundary",3,39,3,"No cross-fitting",0.917333333333333,0.735833333333333,0.753333333333333,0.028,0.130000000000001
"layers3d","extreme","boundary",3,39,3,"Regular tiles only",0.92,0.735,0.754666666666667,0.0248888888888889,0.0750000000000011
"layers3d","extreme","boundary",3,39,3,"No tile overlap",0.9185,0.738333333333333,0.756,0.0273333333333333,0.0939999999999994
"layers3d","extreme","boundary",3,39,3,"No graph fusion",0.906833333333333,0.683333333333333,0.696,0.0228888888888889,0.121
"layers3d","extreme","boundary",3,39,3,"No TV decoding",0.902666666666667,0.629166666666667,0.65,0.0131111111111111,0.116000000000001
"layers3d","extreme","boundary",3,39,3,"No robust ramp",0.918166666666667,0.733333333333333,0.752,0.0264444444444444,0.113000000000001
"layers3d","extreme","random",1,40,3,"Full marginSVM",0.945833333333333,0.903333333333333,0.924666666666667,0.0471111111111111,0.139000000000001
"layers3d","extreme","random",1,40,3,"No cross-fitting",0.945,0.9,0.923333333333333,0.0477777777777778,0.127000000000001
"layers3d","extreme","random",1,40,3,"Regular tiles only",0.943166666666667,0.900833333333333,0.922,0.0497777777777778,0.0870000000000015
"layers3d","extreme","random",1,40,3,"No tile overlap",0.947,0.905,0.926666666666667,0.0462222222222222,0.0869999999999997
"layers3d","extreme","random",1,40,3,"No graph fusion",0.938333333333333,0.893333333333333,0.91,0.0522222222222222,0.113000000000001
"layers3d","extreme","random",1,40,3,"No TV decoding",0.9465,0.9025,0.904,0.0393333333333333,0.114000000000001
"layers3d","extreme","random",1,40,3,"No robust ramp",0.945833333333333,0.903333333333333,0.924666666666667,0.0471111111111111,0.111000000000001
"layers3d","extreme","random",2,41,3,"Full marginSVM",0.938166666666667,0.9,0.923333333333333,0.0568888888888889,0.109
"layers3d","extreme","random",2,41,3,"No cross-fitting",0.938833333333333,0.900833333333333,0.924,0.0562222222222222,0.107000000000001
"layers3d","extreme","random",2,41,3,"Regular tiles only",0.936666666666667,0.899166666666667,0.920666666666667,0.058,0.0849999999999991
"layers3d","extreme","random",2,41,3,"No tile overlap",0.9385,0.903333333333333,0.922,0.056,0.0910000000000011
"layers3d","extreme","random",2,41,3,"No graph fusion",0.932833333333333,0.896666666666667,0.905333333333333,0.058,0.118
"layers3d","extreme","random",2,41,3,"No TV decoding",0.942166666666667,0.909166666666667,0.907333333333333,0.0462222222222222,0.122
"layers3d","extreme","random",2,41,3,"No robust ramp",0.938166666666667,0.9,0.923333333333333,0.0568888888888889,0.109
"layers3d","extreme","random",3,42,3,"Full marginSVM",0.918166666666667,0.835,0.877333333333333,0.0682222222222222,0.115
"layers3d","extreme","random",3,42,3,"No cross-fitting",0.919,0.836666666666667,0.880666666666667,0.0682222222222222,0.122
"layers3d","extreme","random",3,42,3,"Regular tiles only",0.917666666666667,0.834166666666667,0.88,0.0697777777777778,0.0780000000000012
"layers3d","extreme","random",3,42,3,"No tile overlap",0.919833333333333,0.838333333333333,0.879333333333333,0.0666666666666667,0.0950000000000006
"layers3d","extreme","random",3,42,3,"No graph fusion",0.9225,0.844166666666667,0.863333333333333,0.0577777777777778,0.133000000000001
"layers3d","extreme","random",3,42,3,"No TV decoding",0.928833333333333,0.859166666666667,0.844,0.0428888888888889,0.119
"layers3d","extreme","random",3,42,3,"No robust ramp",0.918166666666667,0.835,0.877333333333333,0.0682222222222222,0.113000000000001
"layers3d","uniform","boundary",1,43,3,"Full marginSVM",0.886166666666667,0.569166666666667,0.597333333333333,0.0175555555555556,0.113000000000001
"layers3d","uniform","boundary",1,43,3,"No cross-fitting",0.887833333333333,0.569166666666667,0.600666666666667,0.0164444444444444,0.115
"layers3d","uniform","boundary",1,43,3,"Regular tiles only",0.885666666666667,0.560833333333333,0.592,0.0164444444444444,0.0750000000000011
"layers3d","uniform","boundary",1,43,3,"No tile overlap",0.887,0.570833333333333,0.598666666666667,0.0168888888888889,0.0849999999999991
"layers3d","uniform","boundary",1,43,3,"No graph fusion",0.863333333333333,0.520833333333333,0.538666666666667,0.0284444444444444,0.122999999999999
"layers3d","uniform","boundary",1,43,3,"No TV decoding",0.865833333333333,0.455,0.484666666666667,0.00711111111111111,0.119999999999999
"layers3d","uniform","boundary",1,43,3,"No robust ramp",0.8865,0.569166666666667,0.597333333333333,0.0171111111111111,0.124000000000001
"layers3d","uniform","boundary",2,44,3,"Full marginSVM",0.877,0.556666666666667,0.576666666666667,0.0228888888888889,0.115
"layers3d","uniform","boundary",2,44,3,"No cross-fitting",0.879,0.56,0.581333333333333,0.0217777777777778,0.122
"layers3d","uniform","boundary",2,44,3,"Regular tiles only",0.876,0.560833333333333,0.578666666666667,0.0248888888888889,0.0759999999999987
"layers3d","uniform","boundary",2,44,3,"No tile overlap",0.8775,0.555,0.574666666666667,0.0215555555555556,0.0859999999999985
"layers3d","uniform","boundary",2,44,3,"No graph fusion",0.855333333333333,0.510833333333333,0.524,0.0342222222222222,0.116999999999999
"layers3d","uniform","boundary",2,44,3,"No TV decoding",0.859666666666667,0.4425,0.472,0.0111111111111111,0.127000000000001
"layers3d","uniform","boundary",2,44,3,"No robust ramp",0.877,0.556666666666667,0.576666666666667,0.0228888888888889,0.141
"layers3d","uniform","boundary",3,45,3,"Full marginSVM",0.883833333333333,0.57,0.597333333333333,0.0206666666666667,0.112
"layers3d","uniform","boundary",3,45,3,"No cross-fitting",0.885,0.57,0.598,0.0193333333333333,0.109999999999999
"layers3d","uniform","boundary",3,45,3,"Regular tiles only",0.8845,0.565833333333333,0.594666666666667,0.0188888888888889,0.0749999999999993
"layers3d","uniform","boundary",3,45,3,"No tile overlap",0.886666666666667,0.565,0.594,0.0157777777777778,0.0860000000000003
"layers3d","uniform","boundary",3,45,3,"No graph fusion",0.853666666666667,0.505,0.522666666666667,0.036,0.110999999999999
"layers3d","uniform","boundary",3,45,3,"No TV decoding",0.866166666666667,0.456666666666667,0.488,0.00777777777777778,0.113000000000001
"layers3d","uniform","boundary",3,45,3,"No robust ramp",0.883833333333333,0.57,0.597333333333333,0.0206666666666667,0.111000000000001
"layers3d","uniform","random",1,46,3,"Full marginSVM",0.913333333333333,0.7475,0.828,0.0582222222222222,0.110000000000001
"layers3d","uniform","random",1,46,3,"No cross-fitting",0.911166666666667,0.740833333333333,0.821333333333333,0.0588888888888889,0.116999999999999
"layers3d","uniform","random",1,46,3,"Regular tiles only",0.912,0.746666666666667,0.824666666666667,0.0588888888888889,0.0800000000000001
"layers3d","uniform","random",1,46,3,"No tile overlap",0.915166666666667,0.7525,0.828,0.0557777777777778,0.0860000000000003
"layers3d","uniform","random",1,46,3,"No graph fusion",0.9,0.765833333333333,0.772,0.0573333333333333,0.111999999999998
"layers3d","uniform","random",1,46,3,"No TV decoding",0.925,0.82,0.761333333333333,0.0204444444444444,0.112
"layers3d","uniform","random",1,46,3,"No robust ramp",0.913333333333333,0.7475,0.828,0.0582222222222222,0.122
"layers3d","uniform","random",2,47,3,"Full marginSVM",0.906,0.713333333333333,0.82,0.0653333333333333,0.128
"layers3d","uniform","random",2,47,3,"No cross-fitting",0.907,0.706666666666667,0.822666666666667,0.0648888888888889,0.116000000000001
"layers3d","uniform","random",2,47,3,"Regular tiles only",0.903833333333333,0.704166666666667,0.815333333333333,0.0666666666666667,0.0750000000000011
"layers3d","uniform","random",2,47,3,"No tile overlap",0.911,0.719166666666667,0.826,0.0606666666666667,0.0850000000000009
"layers3d","uniform","random",2,47,3,"No graph fusion",0.899666666666667,0.740833333333333,0.776,0.0591111111111111,0.116
"layers3d","uniform","random",2,47,3,"No TV decoding",0.918666666666667,0.794166666666667,0.754666666666667,0.0266666666666667,0.113000000000001
"layers3d","uniform","random",2,47,3,"No robust ramp",0.9055,0.711666666666667,0.819333333333333,0.0657777777777778,0.110000000000001
"layers3d","uniform","random",3,48,3,"Full marginSVM",0.912333333333333,0.75,0.816666666666667,0.0557777777777778,0.125999999999999
"layers3d","uniform","random",3,48,3,"No cross-fitting",0.912833333333333,0.749166666666667,0.818666666666667,0.0557777777777778,0.116
"layers3d","uniform","random",3,48,3,"Regular tiles only",0.910666666666667,0.746666666666667,0.817333333333333,0.0582222222222222,0.0789999999999988
"layers3d","uniform","random",3,48,3,"No tile overlap",0.911166666666667,0.750833333333333,0.812666666666667,0.056,0.0840000000000014
"layers3d","uniform","random",3,48,3,"No graph fusion",0.894666666666667,0.765,0.758666666666667,0.06,0.113000000000001
"layers3d","uniform","random",3,48,3,"No TV decoding",0.922166666666667,0.8125,0.761333333333333,0.0242222222222222,0.114000000000001
"layers3d","uniform","random",3,48,3,"No robust ramp",0.912333333333333,0.75,0.816666666666667,0.0557777777777778,0.113999999999999
"rings","extreme","boundary",1,49,2,"Full marginSVM",0.938833333333333,0.758333333333333,0.781333333333333,0.00866666666666667,0.0990000000000002
"rings","extreme","boundary",1,49,2,"No cross-fitting",0.942333333333333,0.771666666666667,0.794,0.00822222222222222,0.0969999999999995
"rings","extreme","boundary",1,49,2,"Regular tiles only",0.937833333333333,0.754166666666667,0.774666666666667,0.00777777777777778,0.0679999999999996
"rings","extreme","boundary",1,49,2,"No tile overlap",0.94,0.763333333333333,0.784,0.008,0.0749999999999993
"rings","extreme","boundary",1,49,2,"No graph fusion",0.954833333333333,0.855833333333333,0.859333333333333,0.0133333333333333,0.0960000000000001
"rings","extreme","boundary",1,49,2,"No TV decoding",0.890666666666667,0.534166666666667,0.58,0.00577777777777778,0.0999999999999996
"rings","extreme","boundary",1,49,2,"No robust ramp",0.938833333333333,0.758333333333333,0.781333333333333,0.00866666666666667,0.0980000000000008
"rings","extreme","boundary",2,50,2,"Full marginSVM",0.885666666666667,0.4925,0.555333333333333,0.00422222222222222,0.108000000000001
"rings","extreme","boundary",2,50,2,"No cross-fitting",0.879166666666667,0.47,0.53,0.00444444444444444,0.107000000000001
"rings","extreme","boundary",2,50,2,"Regular tiles only",0.881333333333333,0.475833333333333,0.538,0.00422222222222222,0.072000000000001
"rings","extreme","boundary",2,50,2,"No tile overlap",0.881666666666667,0.475833333333333,0.538666666666667,0.004,0.077
"rings","extreme","boundary",2,50,2,"No graph fusion",0.8915,0.53,0.580666666666667,0.00488888888888889,0.109
"rings","extreme","boundary",2,50,2,"No TV decoding",0.858333333333333,0.375,0.438,0.00155555555555556,0.106999999999999
"rings","extreme","boundary",2,50,2,"No robust ramp",0.885833333333333,0.493333333333333,0.556,0.00422222222222222,0.109
"rings","extreme","boundary",3,51,2,"Full marginSVM",0.9215,0.685,0.704666666666667,0.00622222222222222,0.103
"rings","extreme","boundary",3,51,2,"No cross-fitting",0.928666666666667,0.715833333333333,0.734666666666667,0.00666666666666667,0.101000000000001
"rings","extreme","boundary",3,51,2,"Regular tiles only",0.921,0.68,0.704666666666667,0.00688888888888889,0.0690000000000008
"rings","extreme","boundary",3,51,2,"No tile overlap",0.928833333333333,0.715,0.737333333333333,0.00733333333333333,0.077
"rings","extreme","boundary",3,51,2,"No graph fusion",0.951333333333333,0.8175,0.828,0.00755555555555556,0.100999999999999
"rings","extreme","boundary",3,51,2,"No TV decoding",0.877,0.473333333333333,0.517333333333333,0.00311111111111111,0.0980000000000008
"rings","extreme","boundary",3,51,2,"No robust ramp",0.9215,0.685,0.704666666666667,0.00622222222222222,0.101000000000001
"rings","extreme","random",1,52,2,"Full marginSVM",0.964333333333333,0.895833333333333,0.949333333333333,0.0306666666666667,0.107000000000001
"rings","extreme","random",1,52,2,"No cross-fitting",0.9615,0.893333333333333,0.946,0.0333333333333333,0.106
"rings","extreme","random",1,52,2,"Regular tiles only",0.963833333333333,0.8975,0.948,0.0308888888888889,0.0760000000000005
"rings","extreme","random",1,52,2,"No tile overlap",0.964833333333333,0.8975,0.95,0.0302222222222222,0.0760000000000005
"rings","extreme","random",1,52,2,"No graph fusion",0.950666666666667,0.889166666666667,0.920666666666667,0.0393333333333333,0.108000000000001
"rings","extreme","random",1,52,2,"No TV decoding",0.962333333333333,0.906666666666667,0.924,0.0248888888888889,0.109
"rings","extreme","random",1,52,2,"No robust ramp",0.964166666666667,0.895833333333333,0.949333333333333,0.0308888888888889,0.109
"rings","extreme","random",2,53,2,"Full marginSVM",0.956833333333333,0.93,0.947333333333333,0.04,0.0990000000000002
"rings","extreme","random",2,53,2,"No cross-fitting",0.953,0.929166666666667,0.944666666666667,0.0442222222222222,0.0949999999999989
"rings","extreme","random",2,53,2,"Regular tiles only",0.9545,0.928333333333333,0.945333333333333,0.0424444444444444,0.0690000000000008
"rings","extreme","random",2,53,2,"No tile overlap",0.954333333333333,0.926666666666667,0.944,0.0422222222222222,0.0760000000000005
"rings","extreme","random",2,53,2,"No graph fusion",0.955833333333333,0.934166666666667,0.944666666666667,0.0404444444444444,0.0999999999999996
"rings","extreme","random",2,53,2,"No TV decoding",0.957666666666667,0.93,0.924,0.0311111111111111,0.0999999999999996
"rings","extreme","random",2,53,2,"No robust ramp",0.956833333333333,0.93,0.947333333333333,0.04,0.0969999999999995
"rings","extreme","random",3,54,2,"Full marginSVM",0.965666666666667,0.9475,0.95,0.0291111111111111,0.0999999999999996
"rings","extreme","random",3,54,2,"No cross-fitting",0.965666666666667,0.948333333333333,0.952,0.0297777777777778,0.0939999999999994
"rings","extreme","random",3,54,2,"Regular tiles only",0.966,0.9475,0.950666666666667,0.0288888888888889,0.0630000000000006
"rings","extreme","random",3,54,2,"No tile overlap",0.967666666666667,0.948333333333333,0.955333333333333,0.0282222222222222,0.0749999999999993
"rings","extreme","random",3,54,2,"No graph fusion",0.962,0.949166666666667,0.944666666666667,0.0322222222222222,0.0960000000000001
"rings","extreme","random",3,54,2,"No TV decoding",0.963833333333333,0.9475,0.928666666666667,0.0244444444444444,0.0949999999999989
"rings","extreme","random",3,54,2,"No robust ramp",0.965666666666667,0.9475,0.95,0.0291111111111111,0.0999999999999996
"rings","uniform","boundary",1,55,2,"Full marginSVM",0.902,0.581666666666667,0.617333333333333,0.00311111111111111,0.0999999999999996
"rings","uniform","boundary",1,55,2,"No cross-fitting",0.902,0.579166666666667,0.617333333333333,0.00311111111111111,0.0999999999999996
"rings","uniform","boundary",1,55,2,"Regular tiles only",0.898833333333333,0.5725,0.606,0.00355555555555556,0.0679999999999996
"rings","uniform","boundary",1,55,2,"No tile overlap",0.906833333333333,0.601666666666667,0.636,0.00288888888888889,0.0780000000000012
"rings","uniform","boundary",1,55,2,"No graph fusion",0.8875,0.544166666666667,0.566,0.00533333333333333,0.101000000000001
"rings","uniform","boundary",1,55,2,"No TV decoding",0.8625,0.405,0.45,0,0.103999999999999
"rings","uniform","boundary",1,55,2,"No robust ramp",0.902,0.581666666666667,0.617333333333333,0.00311111111111111,0.101000000000001
"rings","uniform","boundary",2,56,2,"Full marginSVM",0.9045,0.591666666666667,0.625333333333333,0.00244444444444444,0.101000000000001
"rings","uniform","boundary",2,56,2,"No cross-fitting",0.903666666666667,0.5925,0.624666666666667,0.00333333333333333,0.101000000000001
"rings","uniform","boundary",2,56,2,"Regular tiles only",0.900166666666667,0.579166666666667,0.61,0.00311111111111111,0.0670000000000002
"rings","uniform","boundary",2,56,2,"No tile overlap",0.905,0.598333333333333,0.628666666666667,0.00288888888888889,0.0830000000000002
"rings","uniform","boundary",2,56,2,"No graph fusion",0.8875,0.558333333333333,0.581333333333333,0.0104444444444444,0.0990000000000002
"rings","uniform","boundary",2,56,2,"No TV decoding",0.877666666666667,0.47,0.512,0.000444444444444444,0.100000000000001
"rings","uniform","boundary",2,56,2,"No robust ramp",0.9045,0.591666666666667,0.625333333333333,0.00244444444444444,0.110999999999999
"rings","uniform","boundary",3,57,2,"Full marginSVM",0.893833333333333,0.550833333333333,0.591333333333333,0.00533333333333333,0.102
"rings","uniform","boundary",3,57,2,"No cross-fitting",0.895333333333333,0.559166666666667,0.596,0.00488888888888889,0.103
"rings","uniform","boundary",3,57,2,"Regular tiles only",0.8895,0.538333333333333,0.577333333333333,0.00644444444444444,0.0699999999999985
"rings","uniform","boundary",3,57,2,"No tile overlap",0.896833333333333,0.561666666666667,0.602,0.00488888888888889,0.0750000000000028
"rings","uniform","boundary",3,57,2,"No graph fusion",0.876333333333333,0.5075,0.533333333333333,0.00933333333333333,0.0990000000000002
"rings","uniform","boundary",3,57,2,"No TV decoding",0.869833333333333,0.435,0.483333333333333,0.00133333333333333,0.093
"rings","uniform","boundary",3,57,2,"No robust ramp",0.893833333333333,0.550833333333333,0.591333333333333,0.00533333333333333,0.093
"rings","uniform","random",1,58,2,"Full marginSVM",0.9575,0.82,0.911333333333333,0.0271111111111111,0.102
"rings","uniform","random",1,58,2,"No cross-fitting",0.958,0.821666666666667,0.912666666666667,0.0268888888888889,0.0999999999999979
"rings","uniform","random",1,58,2,"Regular tiles only",0.958333333333333,0.823333333333333,0.912666666666667,0.0264444444444444,0.0670000000000002
"rings","uniform","random",1,58,2,"No tile overlap",0.9565,0.818333333333333,0.910666666666667,0.0282222222222222,0.0719999999999992
"rings","uniform","random",1,58,2,"No graph fusion",0.934833333333333,0.805833333333333,0.862,0.0408888888888889,0.093
"rings","uniform","random",1,58,2,"No TV decoding",0.953333333333333,0.84,0.851333333333333,0.0126666666666667,0.0899999999999999
"rings","uniform","random",1,58,2,"No robust ramp",0.9575,0.82,0.911333333333333,0.0271111111111111,0.0889999999999986
"rings","uniform","random",2,59,2,"Full marginSVM",0.957166666666667,0.821666666666667,0.910666666666667,0.0273333333333333,0.0970000000000013
"rings","uniform","random",2,59,2,"No cross-fitting",0.958333333333333,0.825833333333333,0.911333333333333,0.026,0.0970000000000013
"rings","uniform","random",2,59,2,"Regular tiles only",0.957833333333333,0.823333333333333,0.912666666666667,0.0271111111111111,0.0679999999999996
"rings","uniform","random",2,59,2,"No tile overlap",0.957,0.820833333333333,0.913333333333333,0.0284444444444444,0.0790000000000006
"rings","uniform","random",2,59,2,"No graph fusion",0.951833333333333,0.821666666666667,0.888,0.0268888888888889,0.103
"rings","uniform","random",2,59,2,"No TV decoding",0.9585,0.865,0.86,0.00866666666666667,0.103000000000002
"rings","uniform","random",2,59,2,"No robust ramp",0.957166666666667,0.821666666666667,0.910666666666667,0.0273333333333333,0.0999999999999979
"rings","uniform","random",3,60,2,"Full marginSVM",0.957,0.82,0.908,0.0266666666666667,0.0999999999999996
"rings","uniform","random",3,60,2,"No cross-fitting",0.955,0.8125,0.904,0.028,0.0990000000000002
"rings","uniform","random",3,60,2,"Regular tiles only",0.956,0.818333333333333,0.904666666666667,0.0268888888888889,0.0700000000000003
"rings","uniform","random",3,60,2,"No tile overlap",0.958,0.821666666666667,0.908666666666667,0.0255555555555556,0.0790000000000006
"rings","uniform","random",3,60,2,"No graph fusion",0.94,0.800833333333333,0.870666666666667,0.0368888888888889,0.103
"rings","uniform","random",3,60,2,"No TV decoding",0.955666666666667,0.8525,0.850666666666667,0.00933333333333333,0.103
"rings","uniform","random",3,60,2,"No robust ramp",0.957,0.82,0.908,0.0266666666666667,0.102
