"pattern","replicate","method","accuracy","ari","macro_recall","worst_recall","smallest_recall","boundary_005","boundary_010","boundary_020","interior_accuracy","changed_precision","correction_recall","damage_rate","changed_fraction","area_l1","ece","brier","seconds"
"jagged_stripes",1,"Initial",1,1,1,1,1,1,1,1,1,NA,NA,0,0,0,NA,NA,0
"jagged_stripes",1,"Spatial graph",0.99675,0.991895820025317,0.99675,0.9925,0.997916666666667,0.978174603174603,0.987820934825543,0.993428812131424,1,0,NA,0.00325,0.00325,0.00266666666666662,0.106330899337755,0.0360702152375482,0.0380000000000109
"jagged_stripes",1,"C++ kNN vote",0.953083333333333,0.887334182080771,0.953083333333333,0.9375,0.964166666666667,0.726851851851852,0.830480579328506,0.906655433866891,0.998516075845012,0,NA,0.0469166666666667,0.0469166666666667,0.0105,0.0867007575757576,0.0554698691460055,0.0359999999999445
"jagged_stripes",1,"Potts-like ICM",0.979166666666667,0.948787468159172,0.979166666666667,0.975,0.984166666666667,0.897486772486772,0.930546412113232,0.959056444818871,0.998845836768343,0,NA,0.0208333333333333,0.0208333333333333,0.00766666666666665,0.0808692480359147,0.0416260377814812,0.0389999999999873
"jagged_stripes",1,"SpaGCN refine",0.992833333333333,0.982187523504557,0.992833333333333,0.99,0.995416666666667,0.953042328042328,0.97267939433838,0.985509688289806,1,0,NA,0.00716666666666667,0.00716666666666667,0.00116666666666668,NA,NA,0.0139999999998963
"jagged_stripes",1,"GraphST refine",0.917833333333333,0.808927138815391,0.917833333333333,0.887916666666667,0.948333333333333,0.622354497354497,0.731073074391047,0.839427127211457,0.994558944765045,0,NA,0.0821666666666667,0.0821666666666667,0.0121666666666667,NA,NA,0.0720000000000027
"jagged_stripes",2,"Initial",1,1,1,1,1,1,1,1,1,NA,NA,0,0,0,NA,NA,0
"jagged_stripes",2,"Spatial graph",0.995833333333333,0.989614464175408,0.995833333333333,0.995,0.996666666666667,0.969325153374233,0.983350322799864,0.991538331358944,1,0,NA,0.00416666666666667,0.00416666666666667,0.00283333333333335,0.102210215779174,0.035640434806504,0.0389999999999873
"jagged_stripes",2,"C++ kNN vote",0.955916666666667,0.893992249568586,0.955916666666667,0.935,0.981666666666667,0.735514655760054,0.834522595990486,0.910475545777627,1,0,NA,0.0440833333333333,0.0440833333333333,0.0118333333333334,0.0860189393939394,0.0535897038567493,0.0450000000000728
"jagged_stripes",2,"Potts-like ICM",0.978916666666667,0.948201030989706,0.978916666666667,0.97375,0.989583333333333,0.89025221540559,0.926605504587156,0.957522423421899,0.99967164669184,0,NA,0.0210833333333333,0.0210833333333333,0.00983333333333333,0.0785636924803591,0.0407053125720353,0.0399999999999636
"jagged_stripes",2,"SpaGCN refine",0.9945,0.98630776667542,0.9945,0.993333333333333,0.994583333333333,0.96319018404908,0.977573904179409,0.988830597393806,1,0,NA,0.0055,0.0055,0.00283333333333335,NA,NA,0.0149999999999864
"jagged_stripes",2,"GraphST refine",0.924166666666667,0.822888901014018,0.924166666666667,0.89375,0.96125,0.644171779141104,0.745158002038736,0.850059231680487,0.996059760302085,0,NA,0.0758333333333333,0.0758333333333333,0.0145,NA,NA,0.0679999999999836
"jagged_stripes",3,"Initial",1,1,1,1,1,1,1,1,1,NA,NA,0,0,0,NA,NA,0
"jagged_stripes",3,"Spatial graph",0.996083333333333,0.990245143477837,0.996083333333333,0.994166666666667,0.994583333333333,0.97212543554007,0.985324232081911,0.992052756171796,1,0,NA,0.00391666666666667,0.00391666666666667,5e-04,0.102097773613447,0.0352629270585001,0.0439999999999827
"jagged_stripes",3,"C++ kNN vote",0.956,0.893969119260994,0.956,0.944166666666667,0.965416666666667,0.731010452961672,0.836860068259386,0.911903956712885,0.998849819257312,0,NA,0.044,0.044,0.00983333333333333,0.0854204545454545,0.0539068526170799,0.0370000000000346
"jagged_stripes",3,"Potts-like ICM",0.977833333333333,0.945583366039601,0.977833333333333,0.972916666666667,0.979583333333333,0.868292682926829,0.91877133105802,0.955698342915117,0.999342753861321,0,NA,0.0221666666666667,0.0221666666666667,0.00549999999999998,0.0774991582491582,0.0412548067657496,0.0400000000000773
"jagged_stripes",3,"SpaGCN refine",0.993583333333333,0.984038660675369,0.993583333333333,0.992083333333333,0.995833333333333,0.954703832752613,0.974402730375427,0.986980047345282,1,0,NA,0.00641666666666667,0.00641666666666667,0.0015,NA,NA,0.0149999999999864
"jagged_stripes",3,"GraphST refine",0.91975,0.812916025821833,0.91975,0.890416666666667,0.944583333333333,0.626480836236934,0.732081911262799,0.84308420696652,0.994249096286559,0,NA,0.08025,0.08025,0.0168333333333334,NA,NA,0.0680000000000973
"jagged_stripes",4,"Initial",1,1,1,1,1,1,1,1,1,NA,NA,0,0,0,NA,NA,0
"jagged_stripes",4,"Spatial graph",0.995833333333333,0.989616062760485,0.995833333333333,0.992916666666667,0.995,0.968033356497568,0.98306806637318,0.991483563277125,1,0,NA,0.00416666666666667,0.00416666666666667,0.00283333333333333,0.100896679855493,0.0350916890076533,0.0379999999998972
"jagged_stripes",4,"C++ kNN vote",0.959583333333333,0.902414795977084,0.959583333333333,0.946666666666667,0.971666666666667,0.73870743571925,0.849983068066373,0.918412536194856,0.999021047479197,0,NA,0.0404166666666667,0.0404166666666667,0.0073333333333333,0.08875,0.0524686639118457,0.0359999999999445
"jagged_stripes",4,"Potts-like ICM",0.98525,0.963568525089761,0.98525,0.98125,0.98625,0.904100069492703,0.943785980358957,0.970533128938852,0.999347364986132,0,NA,0.01475,0.01475,0.00366666666666665,0.0790785634118967,0.0360121057186152,0.039000000000101
"jagged_stripes",4,"SpaGCN refine",0.994166666666667,0.985482976969166,0.994166666666667,0.990833333333333,0.99375,0.957609451007644,0.976295292922452,0.988076988587975,1,0,NA,0.00583333333333333,0.00583333333333333,0.003,NA,NA,0.01400000000001
"jagged_stripes",4,"GraphST refine",0.922666666666667,0.819548486137934,0.922666666666667,0.898333333333333,0.956666666666667,0.614315496872828,0.738570944801896,0.847726111394992,0.994452602382118,0,NA,0.0773333333333333,0.0773333333333333,0.00916666666666666,NA,NA,0.0669999999998936
"jagged_stripes",5,"Initial",1,1,1,1,1,1,1,1,1,NA,NA,0,0,0,NA,NA,0
"jagged_stripes",5,"Spatial graph",0.994583333333333,0.986515957636376,0.994583333333333,0.991666666666667,0.996666666666667,0.961434370771313,0.97822445561139,0.989086635325722,1,0,NA,0.00541666666666667,0.00541666666666667,0.00316666666666671,0.0982111521267345,0.0353199991993532,0.0389999999999873
"jagged_stripes",5,"C++ kNN vote",0.956083333333333,0.894115910228332,0.956083333333333,0.937083333333333,0.96625,0.738159675236806,0.837520938023451,0.912021490933512,0.999503639973527,0,NA,0.0439166666666667,0.0439166666666667,0.0195,0.0841363636363636,0.0526814738292011,0.0359999999999445
"jagged_stripes",5,"Potts-like ICM",0.981083333333333,0.953414593677296,0.981083333333333,0.970416666666667,0.984166666666667,0.893775372124493,0.931993299832496,0.962390866353257,0.999503639973527,0,NA,0.0189166666666667,0.0189166666666667,0.0108333333333333,0.0732502805836139,0.0383463818884695,0.0380000000000109
"jagged_stripes",5,"SpaGCN refine",0.993333333333333,0.983420877600568,0.993333333333333,0.991666666666667,0.994583333333333,0.952638700947226,0.973534338358459,0.986568166554735,1,0,NA,0.00666666666666667,0.00666666666666667,0.00133333333333335,NA,NA,0.0149999999999864
"jagged_stripes",5,"GraphST refine",0.922833333333333,0.819425784599246,0.922833333333333,0.9,0.9425,0.646143437077131,0.739698492462312,0.849731363331095,0.994870946393117,0,NA,0.0771666666666667,0.0771666666666667,0.0201666666666667,NA,NA,0.0679999999999836
"jagged_stripes",6,"Initial",1,1,1,1,1,1,1,1,1,NA,NA,0,0,0,NA,NA,0
"jagged_stripes",6,"Spatial graph",0.99675,0.991895074419664,0.99675,0.9925,0.99875,0.97556142668428,0.987030262720319,0.993333333333333,1,0,NA,0.00325,0.00325,0.00383333333333333,0.105330157823732,0.0355787724135616,0.0380000000000109
"jagged_stripes",6,"C++ kNN vote",0.956916666666667,0.896308034944011,0.956916666666667,0.944583333333333,0.978333333333333,0.740422721268164,0.839374792151646,0.911965811965812,0.999674796747967,0,NA,0.0430833333333333,0.0430833333333333,0.00550000000000003,0.0892083333333334,0.053847279614325,0.0369999999999209
"jagged_stripes",6,"Potts-like ICM",0.982083333333333,0.955970403808027,0.982083333333333,0.974583333333333,0.997916666666667,0.89894319682959,0.933821084137014,0.963247863247863,1,0,NA,0.0179166666666667,0.0179166666666667,0.00650000000000001,0.0814708193041526,0.038885623915927,0.0380000000000109
"jagged_stripes",6,"SpaGCN refine",0.993,0.982592180684185,0.993,0.990833333333333,0.994583333333333,0.957067371202114,0.973727968074493,0.985641025641026,1,0,NA,0.007,0.007,0.00300000000000003,NA,NA,0.01400000000001
"jagged_stripes",6,"GraphST refine",0.9245,0.823375008589134,0.9245,0.900833333333333,0.955833333333333,0.655217965653897,0.748254073827735,0.850769230769231,0.994634146341463,0,NA,0.0755,0.0755,0.0108333333333333,NA,NA,0.0670000000000073
"jagged_stripes",7,"Initial",1,1,1,1,1,1,1,1,1,NA,NA,0,0,0,NA,NA,0
"jagged_stripes",7,"Spatial graph",0.995833333333333,0.989618390512583,0.995833333333333,0.994583333333333,0.994583333333333,0.97406914893617,0.983096686950642,0.991573980451635,1,0,NA,0.00416666666666667,0.00416666666666667,0.00166666666666668,0.0993227814484029,0.0346041547756424,0.0389999999999873
"jagged_stripes",7,"C++ kNN vote",0.95575,0.893521817132155,0.95575,0.9375,0.974166666666667,0.74468085106383,0.837052062204192,0.911526794742164,0.999010880316518,0,NA,0.04425,0.04425,0.00783333333333336,0.0820643939393939,0.0517357093663912,0.0359999999999445
"jagged_stripes",7,"Potts-like ICM",0.982333333333333,0.956419656321056,0.982333333333333,0.979166666666667,0.98125,0.90625,0.936781609195402,0.9649477586788,0.999340586877679,0,NA,0.0176666666666667,0.0176666666666667,0.0123333333333334,0.074330808080808,0.0373677600925076,0.0389999999999873
"jagged_stripes",7,"SpaGCN refine",0.993583333333333,0.984044873078215,0.993583333333333,0.990416666666667,0.995833333333333,0.958776595744681,0.973968897903989,0.987023929895517,1,0,NA,0.00641666666666667,0.00641666666666667,0.00166666666666665,NA,NA,0.0149999999999864
"jagged_stripes",7,"GraphST refine",0.923416666666667,0.820969817399055,0.923416666666667,0.898333333333333,0.949583333333333,0.658244680851064,0.747464503042596,0.852544657903606,0.992746455654468,0,NA,0.0765833333333333,0.0765833333333333,0.00883333333333336,NA,NA,0.0670000000000073
"jagged_stripes",8,"Initial",1,1,1,1,1,1,1,1,1,NA,NA,0,0,0,NA,NA,0
"jagged_stripes",8,"Spatial graph",0.995083333333333,0.987751120188903,0.995083333333333,0.989583333333333,0.997916666666667,0.965986394557823,0.980820995962315,0.990062321037561,1,0,NA,0.00491666666666667,0.00491666666666667,0.00616666666666671,0.101851524586287,0.0359121236366207,0.0380000000000109
"jagged_stripes",8,"C++ kNN vote",0.9545,0.89067493902449,0.9545,0.936666666666667,0.96875,0.731292517006803,0.830753701211306,0.908708101734883,0.999340260597064,0,NA,0.0455,0.0455,0.00700000000000001,0.0858598484848485,0.0544027203856749,0.0349999999999682
"jagged_stripes",8,"Potts-like ICM",0.980916666666667,0.953012967207269,0.980916666666667,0.970833333333333,0.97875,0.897278911564626,0.929676985195155,0.961765201280108,0.999670130298532,0,NA,0.0190833333333333,0.0190833333333333,0.0115,0.0805850168350168,0.0400692701425024,0.0380000000000109
"jagged_stripes",8,"SpaGCN refine",0.993416666666667,0.983627169406366,0.993416666666667,0.99125,0.995,0.957142857142857,0.974091520861373,0.986693616304531,1,0,NA,0.00658333333333333,0.00658333333333333,0.00216666666666668,NA,NA,0.01400000000001
"jagged_stripes",8,"GraphST refine",0.9215,0.817090587559146,0.9215,0.8925,0.95,0.625170068027211,0.734522207267833,0.845039582280613,0.996371433283853,0,NA,0.0785,0.0785,0.00816666666666671,NA,NA,0.0670000000000073
"jagged_stripes",9,"Initial",1,1,1,1,1,1,1,1,1,NA,NA,0,0,0,NA,NA,0
"jagged_stripes",9,"Spatial graph",0.996666666666667,0.991688884051117,0.996666666666667,0.994583333333333,0.999166666666667,0.977408637873754,0.987596379483741,0.993508655126498,0.999833110814419,0,NA,0.00333333333333333,0.00333333333333333,0.00216666666666668,0.103389004277189,0.0351481300566934,0.039000000000101
"jagged_stripes",9,"C++ kNN vote",0.956166666666667,0.894285552387018,0.956166666666667,0.9425,0.96625,0.7421926910299,0.838082467314784,0.913948069241012,0.998497997329773,0,NA,0.0438333333333333,0.0438333333333333,0.0163333333333333,0.0868068181818182,0.0535160123966942,0.0360000000000582
"jagged_stripes",9,"Potts-like ICM",0.979,0.948304847907076,0.979,0.974166666666667,0.975416666666667,0.890365448504983,0.923566878980892,0.958555259653795,0.999499332443258,0,NA,0.021,0.021,0.018,0.0784988776655443,0.0405673192833687,0.039000000000101
"jagged_stripes",9,"SpaGCN refine",0.99325,0.983214175695893,0.99325,0.991666666666667,0.995,0.951495016611296,0.973181361045927,0.986517976031957,1,0,NA,0.00675,0.00675,0.0018333333333333,NA,NA,0.0149999999999864
"jagged_stripes",9,"GraphST refine",0.919083333333333,0.811316106579332,0.919083333333333,0.882083333333333,0.94625,0.638538205980066,0.732819309420047,0.845372836218375,0.992990654205608,0,NA,0.0809166666666667,0.0809166666666667,0.029,NA,NA,0.0660000000000309
"jagged_stripes",10,"Initial",1,1,1,1,1,1,1,1,1,NA,NA,0,0,0,NA,NA,0
"jagged_stripes",10,"Spatial graph",0.996416666666667,0.991065316202253,0.996416666666667,0.995,0.997083333333333,0.975790181573638,0.985777175753471,0.992776751217873,1,0,NA,0.00358333333333333,0.00358333333333333,0.00216666666666665,0.101512633185661,0.0346104927824309,0.0380000000000109
"jagged_stripes",10,"C++ kNN vote",0.958333333333333,0.899449278487915,0.958333333333333,0.94375,0.973333333333333,0.759246805648958,0.844226210633254,0.916512682681001,0.999503886224574,0,NA,0.0416666666666667,0.0416666666666667,0.00966666666666668,0.0867424242424242,0.0526325757575757,0.0369999999999209
"jagged_stripes",10,"Potts-like ICM",0.981666666666667,0.95483057777114,0.981666666666667,0.975833333333333,0.985,0.902488231338265,0.933626820182865,0.963547791029733,0.999503886224574,0,NA,0.0183333333333333,0.0183333333333333,0.00833333333333336,0.0772657126823793,0.0383440569178504,0.0399999999999636
"jagged_stripes",10,"SpaGCN refine",0.994166666666667,0.985479279421782,0.994166666666667,0.992083333333333,0.99625,0.960322797579018,0.976633931594988,0.988241222912817,1,0,NA,0.00583333333333333,0.00583333333333333,0.00300000000000003,NA,NA,0.0149999999999864
"jagged_stripes",10,"GraphST refine",0.92625,0.827451484028205,0.92625,0.89625,0.953333333333333,0.64694014794889,0.742634608872333,0.855031076768016,0.996361832313544,0,NA,0.07375,0.07375,0.00716666666666668,NA,NA,0.0670000000000073
"thin_layers",1,"Initial",1,1,1,1,1,1,1,1,1,NA,NA,0,0,0,NA,NA,0
"thin_layers",1,"Spatial graph",0.999583333333333,0.998349774085805,0.999897875816993,0.999489379084967,1,0.995708154506438,0.99554565701559,0.995599559955996,0.999909836804616,0,NA,0.000416666666666667,0.000416666666666667,0.000833333333333283,0.0796106970141206,0.0244283418359795,0.0389999999999873
"thin_layers",1,"C++ kNN vote",0.974416666666667,0.900516368365186,0.93869704935008,0.896551724137931,0.948402948402948,0.626609442060086,0.66815144766147,0.75027502750275,0.992786944369308,0,NA,0.0255833333333333,0.0255833333333333,0.00550000000000005,0.0712348484848485,0.0369707300275482,0.0359999999999445
"thin_layers",1,"Potts-like ICM",0.995166666666667,0.981029075767856,0.988275319768206,0.968965517241379,0.992628992628993,0.927038626609442,0.937639198218263,0.955995599559956,0.998377062483094,0,NA,0.00483333333333333,0.00483333333333333,0.00266666666666674,0.0678265993265994,0.0223698847812204,0.0380000000000109
"thin_layers",1,"SpaGCN refine",0.996416666666667,0.985947145781343,0.992942704233064,0.981034482758621,0.997542997542998,0.948497854077253,0.946547884187082,0.959295929592959,0.999459020827698,0,NA,0.00358333333333333,0.00358333333333333,0.00233333333333329,NA,NA,0.0149999999999864
"thin_layers",1,"GraphST refine",0.947333333333333,0.791573020300189,0.840326368279724,0.691379310344828,0.867321867321867,0.51931330472103,0.547884187082405,0.638063806380638,0.972680551798756,0,NA,0.0526666666666667,0.0526666666666667,0.0398333333333334,NA,NA,0.0660000000000309
"thin_layers",2,"Initial",1,1,1,1,1,1,1,1,1,NA,NA,0,0,0,NA,NA,0
"thin_layers",2,"Spatial graph",0.999416666666667,0.997725096240046,0.99840227491193,0.996533795493934,0.997229916897507,0.991111111111111,0.993362831858407,0.995735607675906,0.999728801301754,0,NA,0.000583333333333333,0.000583333333333333,0.000333333333333321,0.0777851756233319,0.0236130472389454,0.0389999999999873
"thin_layers",2,"C++ kNN vote",0.974666666666667,0.902071246826703,0.938237595008795,0.918544194107452,0.919667590027701,0.648888888888889,0.688053097345133,0.759061833688699,0.992948833845598,0,NA,0.0253333333333333,0.0253333333333333,0.0041666666666667,0.0700757575757576,0.0361608126721764,0.0360000000000582
"thin_layers",2,"Potts-like ICM",0.994666666666667,0.979251821044359,0.986536745777955,0.976878612716763,0.977839335180055,0.92,0.935840707964602,0.956289978678038,0.997920809980112,0,NA,0.00533333333333333,0.00533333333333333,0.00233333333333338,0.0662547699214367,0.022237957578025,0.039000000000101
"thin_layers",2,"SpaGCN refine",0.994833333333333,0.979882611991911,0.988611043263303,0.980609418282548,0.980609418282548,0.888888888888889,0.918141592920354,0.939232409381663,0.99954800216959,0,NA,0.00516666666666667,0.00516666666666667,0.00149999999999996,NA,NA,0.0150000000001
"thin_layers",2,"GraphST refine",0.953416666666667,0.817392363440333,0.853647064305268,0.760831889081456,0.772853185595568,0.555555555555556,0.581858407079646,0.64818763326226,0.979298499367203,0,NA,0.0465833333333333,0.0465833333333333,0.0338333333333334,NA,NA,0.0660000000000309
"thin_layers",3,"Initial",1,1,1,1,1,1,1,1,1,NA,NA,0,0,0,NA,NA,0
"thin_layers",3,"Spatial graph",0.999833333333333,0.999354294472068,0.999450422354078,0.997354497354497,0.997354497354497,0.995744680851064,0.997777777777778,0.997745208568207,1,0,NA,0.000166666666666667,0.000166666666666667,0.000166666666666662,0.0783529479025588,0.0234616549157989,0.0370000000000346
"thin_layers",3,"C++ kNN vote",0.973416666666667,0.897583670256285,0.93643068700681,0.891534391534392,0.891534391534392,0.617021276595745,0.637777777777778,0.717023675310034,0.993881040223162,0,NA,0.0265833333333333,0.0265833333333333,0.00266666666666666,0.0684318181818182,0.0359724517906336,0.0370000000000346
"thin_layers",3,"Potts-like ICM",0.99475,0.97959721521892,0.988747390038359,0.965608465608466,0.965608465608466,0.914893617021277,0.928888888888889,0.94250281848929,0.998920183568793,0,NA,0.00525,0.00525,0.00433333333333331,0.0659817620650955,0.0220086640818964,0.0380000000000109
"thin_layers",3,"SpaGCN refine",0.994083333333333,0.976987581660714,0.987595329531802,0.978835978835979,0.978835978835979,0.872340425531915,0.895555555555556,0.924464487034949,0.999640061189598,0,NA,0.00591666666666667,0.00591666666666667,0.00250000000000001,NA,NA,0.01400000000001
"thin_layers",3,"GraphST refine",0.950333333333333,0.804702785242318,0.844131345863946,0.735440931780366,0.783068783068783,0.527659574468085,0.544444444444444,0.640360766629087,0.975074237379645,0,NA,0.0496666666666667,0.0496666666666667,0.038,NA,NA,0.0679999999999836
"thin_layers",4,"Initial",1,1,1,1,1,1,1,1,1,NA,NA,0,0,0,NA,NA,0
"thin_layers",4,"Spatial graph",0.999,0.996168381325443,0.99750664886683,0.993527508090615,0.994623655913978,0.988326848249027,0.986,0.992783505154639,0.999546690843155,0,NA,0.001,0.001,0.000499999999999997,0.0815492196791342,0.0254139538907681,0.0389999999999873
"thin_layers",4,"C++ kNN vote",0.974416666666667,0.903069927774809,0.946686382912221,0.919191919191919,0.946236559139785,0.649805447470817,0.67,0.745360824742268,0.99456029011786,0,NA,0.0255833333333333,0.0255833333333333,0.00550000000000003,0.0749507575757575,0.0381051997245177,0.0359999999999445
"thin_layers",4,"Potts-like ICM",0.995833333333333,0.984018189133645,0.991790860371008,0.97411003236246,0.989247311827957,0.953307392996109,0.954,0.962886597938144,0.998730734360834,0,NA,0.00416666666666667,0.00416666666666667,0.00300000000000003,0.0716414141414143,0.0226859787550023,0.0380000000000109
"thin_layers",4,"SpaGCN refine",0.995166666666667,0.981441745202108,0.988875312725554,0.98300283286119,0.983870967741935,0.906614785992218,0.922,0.942268041237113,0.999818676337262,0,NA,0.00483333333333333,0.00483333333333333,0.00116666666666665,NA,NA,0.0149999999999864
"thin_layers",4,"GraphST refine",0.95475,0.827941480519858,0.882854290258558,0.823624595469256,0.85752688172043,0.587548638132296,0.592,0.67319587628866,0.979510426110607,0,NA,0.04525,0.04525,0.0148333333333333,NA,NA,0.0670000000000073
"thin_layers",5,"Initial",1,1,1,1,1,1,1,1,1,NA,NA,0,0,0,NA,NA,0
"thin_layers",5,"Spatial graph",0.99975,0.9990202856664,0.999678870727947,0.99859943977591,1,0.990430622009569,0.995359628770302,0.997701149425287,0.999910152740341,0,NA,0.00025,0.00025,0.000333333333333317,0.0800041280645128,0.0241111207720383,0.0389999999999873
"thin_layers",5,"C++ kNN vote",0.97675,0.910371704455126,0.94546963765248,0.916398713826367,0.931952662721893,0.631578947368421,0.689095127610209,0.750574712643678,0.994429469901168,0,NA,0.02325,0.02325,0.00366666666666668,0.0749356060606061,0.0366306818181818,0.0370000000000346
"thin_layers",5,"Potts-like ICM",0.99725,0.989236681162959,0.992433805164517,0.979099678456592,0.997041420118343,0.956937799043062,0.962877030162413,0.974712643678161,0.999011680143756,0,NA,0.00275,0.00275,0.00216666666666666,0.0713661616161617,0.0213891222362042,0.0380000000000109
"thin_layers",5,"SpaGCN refine",0.996166666666667,0.985080210798622,0.991820328256731,0.988795518207283,0.99112426035503,0.923444976076555,0.937354988399072,0.951724137931034,0.999640610961366,0,NA,0.00383333333333333,0.00383333333333333,0.00116666666666664,NA,NA,0.0149999999999864
"thin_layers",5,"GraphST refine",0.953083333333333,0.816452618795567,0.843718467372964,0.686390532544379,0.686390532544379,0.488038277511962,0.554524361948956,0.645977011494253,0.977088948787062,0,NA,0.0469166666666667,0.0469166666666667,0.0358333333333334,NA,NA,0.0670000000000073
"thin_layers",6,"Initial",1,1,1,1,1,1,1,1,1,NA,NA,0,0,0,NA,NA,0
"thin_layers",6,"Spatial graph",0.999083333333333,0.996521315718051,0.999771997098145,0.998859985490724,1,0.991666666666667,0.989130434782609,0.991341991341991,0.999729144095341,0,NA,0.000916666666666667,0.000916666666666667,0.00183333333333334,0.0799473067002865,0.0247475156384805,0.0389999999999873
"thin_layers",6,"C++ kNN vote",0.972583333333333,0.898046191738561,0.945059383451202,0.928934010152284,0.929268292682927,0.5875,0.632608695652174,0.714285714285714,0.994131455399061,0,NA,0.0274166666666667,0.0274166666666667,0.00616666666666665,0.0711439393939394,0.0374428374655648,0.0370000000000346
"thin_layers",6,"Potts-like ICM",0.994833333333333,0.980510979496708,0.990156044313361,0.972461273666093,0.990243902439024,0.933333333333333,0.930434782608696,0.95021645021645,0.998555435175153,0,NA,0.00516666666666667,0.00516666666666667,0.00233333333333335,0.0685791245791247,0.0228743646717833,0.0380000000000109
"thin_layers",6,"SpaGCN refine",0.994833333333333,0.980416199519651,0.986317923590257,0.981794538361508,0.982926829268293,0.904166666666667,0.915217391304348,0.94047619047619,0.99936800288913,0,NA,0.00516666666666667,0.00516666666666667,0.00266666666666664,NA,NA,0.01400000000001
"thin_layers",6,"GraphST refine",0.952333333333333,0.820067168472587,0.865506795055137,0.780033840947547,0.848780487804878,0.4875,0.53695652173913,0.649350649350649,0.977609245214879,0,NA,0.0476666666666667,0.0476666666666667,0.0323333333333332,NA,NA,0.0690000000000737
"thin_layers",7,"Initial",1,1,1,1,1,1,1,1,1,NA,NA,0,0,0,NA,NA,0
"thin_layers",7,"Spatial graph",0.99975,0.999052817506207,0.999421094439933,0.997311827956989,0.997311827956989,0.995555555555556,0.995294117647059,0.996470588235294,1,0,NA,0.00025,0.00025,0.000166666666666655,0.0788101314975024,0.0234435472005062,0.0369999999999209
"thin_layers",7,"C++ kNN vote",0.976416666666667,0.910952637782224,0.951407104377219,0.93010752688172,0.93010752688172,0.662222222222222,0.663529411764706,0.737647058823529,0.994618834080717,0,NA,0.0235833333333333,0.0235833333333333,0.00566666666666664,0.0732575757575757,0.0358891184573003,0.0360000000000582
"thin_layers",7,"Potts-like ICM",0.997166666666667,0.989135159080512,0.995844914921145,0.99009900990099,0.994623655913978,0.964444444444444,0.96,0.965882352941177,0.999551569506726,0,NA,0.00283333333333333,0.00283333333333333,0.00216666666666666,0.0706515151515152,0.0208113930173414,0.0380000000000109
"thin_layers",7,"SpaGCN refine",0.995583333333333,0.98316216129713,0.989905140300707,0.978494623655914,0.978494623655914,0.915555555555556,0.922352941176471,0.943529411764706,0.999551569506726,0,NA,0.00441666666666667,0.00441666666666667,0.00116666666666665,NA,NA,0.01400000000001
"thin_layers",7,"GraphST refine",0.957,0.835943339296527,0.873622446417808,0.774193548387097,0.774193548387097,0.577777777777778,0.616470588235294,0.683529411764706,0.977847533632287,0,NA,0.043,0.043,0.0243333333333333,NA,NA,0.0670000000000073
"thin_layers",8,"Initial",1,1,1,1,1,1,1,1,1,NA,NA,0,0,0,NA,NA,0
"thin_layers",8,"Spatial graph",0.999583333333333,0.998361221518051,0.998557220222975,0.994764397905759,1,0.983870967741935,0.99163179916318,0.995599559955996,0.999909836804616,0,NA,0.000416666666666667,0.000416666666666667,0.000500000000000084,0.0799978194999754,0.0243439879220698,0.0380000000000109
"thin_layers",8,"C++ kNN vote",0.975666666666667,0.904956016664309,0.936474479891385,0.890052356020942,0.932795698924731,0.633064516129032,0.682008368200837,0.75027502750275,0.994139392300063,0,NA,0.0243333333333333,0.0243333333333333,0.00666666666666674,0.0736022727272728,0.0368266184573004,0.0360000000000582
"thin_layers",8,"Potts-like ICM",0.996083333333333,0.984607681966396,0.987658157161476,0.972076788830716,0.989247311827957,0.931451612903226,0.951882845188284,0.963696369636964,0.998737715264629,0,NA,0.00391666666666667,0.00391666666666667,0.00316666666666672,0.0698459595959597,0.0219181933438388,0.0380000000000109
"thin_layers",8,"SpaGCN refine",0.99675,0.987149462005305,0.991344090450281,0.982547993019197,0.997311827956989,0.931451612903226,0.943514644351464,0.963696369636964,0.999459020827698,0,NA,0.00325,0.00325,0.00183333333333335,NA,NA,0.01400000000001
"thin_layers",8,"GraphST refine",0.94775,0.791692343945786,0.825877470197149,0.677137870855148,0.827956989247312,0.57258064516129,0.596234309623431,0.66996699669967,0.970516635109548,0,NA,0.05225,0.05225,0.0478333333333334,NA,NA,0.0670000000000073
"thin_layers",9,"Initial",1,1,1,1,1,1,1,1,1,NA,NA,0,0,0,NA,NA,0
"thin_layers",9,"Spatial graph",0.9995,0.998071402902057,0.998812567213944,0.994269340974212,1,0.9875,0.991614255765199,0.993492407809111,1,0,NA,5e-04,5e-04,0.00049999999999998,0.0802499247867694,0.0244194110778646,0.0389999999999873
"thin_layers",9,"C++ kNN vote",0.973833333333333,0.901140076836472,0.940698370478957,0.921203438395416,0.923684210526316,0.616666666666667,0.658280922431866,0.726681127982646,0.99440332189926,0,NA,0.0261666666666667,0.0261666666666667,0.00333333333333324,0.0721553030303031,0.0367877066115701,0.0359999999999445
"thin_layers",9,"Potts-like ICM",0.997083333333333,0.988855867031721,0.989311910226305,0.971052631578947,0.971052631578947,0.9625,0.966457023060797,0.970715835140998,0.999277847987001,0,NA,0.00291666666666667,0.00291666666666667,0.00349999999999994,0.0717017396184065,0.0215308859262283,0.0380000000000109
"thin_layers",9,"SpaGCN refine",0.996583333333333,0.986948102360776,0.991881541570341,0.979942693409742,0.989473684210526,0.920833333333333,0.937106918238994,0.957700650759219,0.99981946199675,0,NA,0.00341666666666667,0.00341666666666667,0.00183333333333328,NA,NA,0.0159999999999627
"thin_layers",9,"GraphST refine",0.953833333333333,0.825502915873595,0.884438202216576,0.828125,0.871052631578947,0.55,0.570230607966457,0.63882863340564,0.98005055064091,0,NA,0.0461666666666667,0.0461666666666667,0.0159999999999999,NA,NA,0.0680000000000973
"thin_layers",10,"Initial",1,1,1,1,1,1,1,1,1,NA,NA,0,0,0,NA,NA,0
"thin_layers",10,"Spatial graph",0.999916666666667,0.999675285205591,0.999979466119096,0.999897330595483,1,1,1,0.998819362455726,1,0,NA,8.33333333333333e-05,8.33333333333333e-05,0.000166666666666662,0.0761624469796225,0.0224289327430247,0.0380000000000109
"thin_layers",10,"C++ kNN vote",0.9765,0.910049042267012,0.946636754535125,0.906077348066298,0.906077348066298,0.660194174757282,0.688249400479616,0.749704840613932,0.993723661795033,0,NA,0.0235,0.0235,0.0073333333333333,0.0693371212121212,0.0344271694214877,0.0370000000000346
"thin_layers",10,"Potts-like ICM",0.994916666666667,0.980306072589812,0.989279021588137,0.980662983425414,0.980662983425414,0.922330097087379,0.937649880095923,0.95159386068477,0.998206760512866,0,NA,0.00508333333333333,0.00508333333333333,0.00350000000000003,0.0644480920314255,0.0213137633348071,0.039000000000101
"thin_layers",10,"SpaGCN refine",0.995916666666667,0.984161188289725,0.991212382388293,0.986086956521739,0.988950276243094,0.912621359223301,0.92326139088729,0.9456906729634,0.99973101407693,0,NA,0.00408333333333333,0.00408333333333333,0.000999999999999973,NA,NA,0.0149999999999864
"thin_layers",10,"GraphST refine",0.951833333333333,0.81406093576813,0.862063626283671,0.784530386740331,0.784530386740331,0.538834951456311,0.556354916067146,0.651711924439197,0.974625661257061,0,NA,0.0481666666666667,0.0481666666666667,0.0243333333333334,NA,NA,0.0679999999999836
"intermixed",1,"Initial",1,1,1,1,1,1,1,1,1,NA,NA,0,0,0,NA,NA,0
"intermixed",1,"Spatial graph",0.997916666666667,0.99481717924691,0.997914549752589,0.997133497133497,0.997802197802198,0.993392070484581,0.994669756662804,0.996732026143791,1,0,NA,0.00208333333333333,0.00208333333333333,0.000333333333333324,0.228775173393932,0.087340087887756,0.0380000000000109
"intermixed",1,"C++ kNN vote",0.944333333333333,0.86577165744661,0.944145725165604,0.934065934065934,0.934065934065934,0.794273127753304,0.855156431054461,0.912941176470588,0.999540229885057,0,NA,0.0556666666666667,0.0556666666666667,0.0111666666666667,0.222893939393939,0.123512741046832,0.0370000000000346
"intermixed",1,"Potts-like ICM",0.993416666666667,0.983720328210959,0.993342127370047,0.987692307692308,0.987692307692308,0.977533039647577,0.984009269988413,0.989803921568627,0.999770114942529,0,NA,0.00658333333333333,0.00658333333333333,0.00233333333333335,0.206933782267116,0.0755726418694994,0.0380000000000109
"intermixed",1,"SpaGCN refine",0.986083333333333,0.965542252883076,0.986057522755472,0.981981981981982,0.983736263736264,0.938325991189427,0.961993047508691,0.978169934640523,1,0,NA,0.0139166666666667,0.0139166666666667,0.0033333333333333,NA,NA,0.0149999999999864
"intermixed",1,"GraphST refine",0.883333333333333,0.730085549946061,0.88279694563186,0.851868131868132,0.851868131868132,0.597356828193833,0.712398609501738,0.819477124183007,0.995632183908046,0,NA,0.116666666666667,0.116666666666667,0.0301666666666667,NA,NA,0.0679999999999836
"intermixed",2,"Initial",1,1,1,1,1,1,1,1,1,NA,NA,0,0,0,NA,NA,0
"intermixed",2,"Spatial graph",0.997083333333333,0.992716329939272,0.997071602289511,0.995650282731622,0.995650282731622,0.989938757655293,0.991774383078731,0.995424238462544,1,0,NA,0.00291666666666667,0.00291666666666667,0.00183333333333335,0.22512237569084,0.0863105021729059,0.039000000000101
"intermixed",2,"C++ kNN vote",0.945666666666667,0.868797851191469,0.94553535120621,0.933449325793823,0.933449325793823,0.808398950131234,0.857344300822562,0.915021571447248,0.999540335555045,0,NA,0.0543333333333333,0.0543333333333333,0.00883333333333336,0.221598484848485,0.121559917355372,0.0360000000000582
"intermixed",2,"Potts-like ICM",0.993583333333333,0.98398845200971,0.99351715938148,0.988255763375381,0.988255763375381,0.975503062117235,0.983078730904818,0.989933324617597,1,0,NA,0.00641666666666667,0.00641666666666667,0.006,0.205155723905724,0.0745166319007509,0.0369999999999209
"intermixed",2,"SpaGCN refine",0.985583333333333,0.964399838738862,0.985509654428841,0.979556328838626,0.979556328838626,0.940069991251094,0.96075205640423,0.977382664400575,1,0,NA,0.0144166666666667,0.0144166666666667,0.00299999999999995,NA,NA,0.0149999999999864
"intermixed",2,"GraphST refine",0.881416666666667,0.726004332692068,0.880986940878867,0.851674641148325,0.851674641148325,0.602799650043745,0.701997649823737,0.815662178062492,0.997012181107791,0,NA,0.118583333333333,0.118583333333333,0.0201666666666667,NA,NA,0.0679999999999836
"intermixed",3,"Initial",1,1,1,1,1,1,1,1,1,NA,NA,0,0,0,NA,NA,0
"intermixed",3,"Spatial graph",0.99675,0.991911499663896,0.996720934678678,0.99348675640469,0.99348675640469,0.987162461266047,0.992005643075476,0.994892613933997,1,0,NA,0.00325,0.00325,0.00266666666666665,0.224279689780406,0.0864522533699622,0.0379999999998972
"intermixed",3,"C++ kNN vote",0.944583333333333,0.866247735947755,0.944529485531907,0.940078158923144,0.940078158923144,0.790615316511731,0.85610157535857,0.91304347826087,0.999770852428964,0,NA,0.0554166666666667,0.0554166666666667,0.00450000000000003,0.219844696969697,0.121815943526171,0.0370000000000346
"intermixed",3,"Potts-like ICM",0.991083333333333,0.977830172114353,0.991059629495806,0.986649979140592,0.990447242726878,0.969012837538734,0.978133082529979,0.986380303823992,0.999312557286893,0,NA,0.00891666666666667,0.00891666666666667,0.00483333333333333,0.201369248035915,0.0758004247487974,0.0389999999999873
"intermixed",3,"SpaGCN refine",0.986833333333333,0.967325152604378,0.986817008771173,0.984329896907217,0.984368215371255,0.942895086321381,0.964260521984482,0.979308538501833,1,0,NA,0.0131666666666667,0.0131666666666667,0.00383333333333336,NA,NA,0.0149999999999864
"intermixed",3,"GraphST refine",0.88125,0.72561847924118,0.881057418912423,0.863656100738168,0.863656100738168,0.609119079238601,0.712673407006819,0.81731272917758,0.993125572868928,0,NA,0.11875,0.11875,0.00783333333333333,NA,NA,0.0690000000000737
"intermixed",4,"Initial",1,1,1,1,1,1,1,1,1,NA,NA,0,0,0,NA,NA,0
"intermixed",4,"Spatial graph",0.996583333333333,0.991462292832674,0.99655924212331,0.994845360824742,0.995680345572354,0.986725663716814,0.991195551436515,0.994651708844247,1,0,NA,0.00341666666666667,0.00341666666666667,0.00349999999999998,0.227861409320589,0.0884414730126058,0.0410000000000537
"intermixed",4,"C++ kNN vote",0.943583333333333,0.864021754110294,0.943386086884898,0.933477321814255,0.933477321814255,0.792035398230089,0.852641334569045,0.911948865118706,0.999538532533456,0,NA,0.0564166666666667,0.0564166666666667,0.0128333333333333,0.222768939393939,0.124471935261708,0.0380000000000109
"intermixed",4,"Potts-like ICM",0.991833333333333,0.979694416345599,0.991768369729483,0.98840206185567,0.988768898488121,0.97212389380531,0.980074142724745,0.987607618053744,0.999307798800185,0,NA,0.00816666666666667,0.00816666666666667,0.00633333333333333,0.20531874298541,0.0769685595196258,0.0400000000000773
"intermixed",4,"SpaGCN refine",0.987333333333333,0.968620374026332,0.98732242748563,0.984329896907217,0.987473002159827,0.942035398230089,0.96501390176089,0.98017218888599,1,0,NA,0.0126666666666667,0.0126666666666667,0.00116666666666668,NA,NA,0.0149999999999864
"intermixed",4,"GraphST refine",0.877833333333333,0.718762701825182,0.877235895481424,0.846652267818574,0.846652267818574,0.607079646017699,0.701807228915663,0.811896686668406,0.994462390401477,0,NA,0.122166666666667,0.122166666666667,0.0231666666666666,NA,NA,0.07000000000005
"intermixed",5,"Initial",1,1,1,1,1,1,1,1,1,NA,NA,0,0,0,NA,NA,0
"intermixed",5,"Spatial graph",0.997333333333333,0.993367280630548,0.997307120234167,0.995229835212489,0.995229835212489,0.989818503762727,0.993557294063507,0.995799422420583,1,0,NA,0.00266666666666667,0.00266666666666667,0.00233333333333335,0.225389691499639,0.0856936511429484,0.04200000000003
"intermixed",5,"C++ kNN vote",0.945916666666667,0.869320243359202,0.945777237669604,0.934654300168634,0.945359930615785,0.800796812749004,0.862862402208928,0.915069572066159,0.999543587403012,0,NA,0.0540833333333333,0.0540833333333333,0.012,0.222215909090909,0.121992596418733,0.0389999999999873
"intermixed",5,"Potts-like ICM",0.99175,0.979483735448058,0.991678346648092,0.987352445193929,0.990459670424978,0.972554227534307,0.981132075471698,0.987266999212392,0.999543587403012,0,NA,0.00825,0.00825,0.006,0.202272446689113,0.0748788152758411,0.0389999999999873
"intermixed",5,"SpaGCN refine",0.986,0.965375061255694,0.985920410294869,0.981028667790894,0.982220294882914,0.937140327578575,0.961573861021629,0.97794696770806,1,0,NA,0.014,0.014,0.00533333333333333,NA,NA,0.0180000000000291
"intermixed",5,"GraphST refine",0.883666666666667,0.730788891722758,0.883283330147804,0.862984822934233,0.870338248048569,0.623284639220894,0.719282098481362,0.820162772381202,0.99406663623916,0,NA,0.116333333333333,0.116333333333333,0.0171666666666667,NA,NA,0.0769999999999982
"intermixed",6,"Initial",1,1,1,1,1,1,1,1,1,NA,NA,0,0,0,NA,NA,0
"intermixed",6,"Spatial graph",0.997583333333333,0.99396104653373,0.997570334070263,0.996554694229113,0.997387897257292,0.990178571428571,0.993636577893,0.996211131434544,1,0,NA,0.00241666666666667,0.00241666666666667,0.0011666666666667,0.228083295177141,0.0865004515018424,0.0410000000000537
"intermixed",6,"C++ kNN vote",0.943666666666667,0.864085378624451,0.943456188082636,0.933391380060949,0.933391380060949,0.792857142857143,0.852698562337968,0.911941468513196,0.999539806718822,0,NA,0.0563333333333333,0.0563333333333333,0.0121666666666667,0.222507575757576,0.123002754820937,0.0389999999999873
"intermixed",6,"Potts-like ICM",0.992916666666667,0.982295054838843,0.992832514983647,0.987810187200697,0.987810187200697,0.973214285714286,0.983502238981853,0.989155996864385,0.999539806718822,0,NA,0.00708333333333333,0.00708333333333333,0.00600000000000003,0.206331930415264,0.0751225300139442,0.0470000000000255
"intermixed",6,"SpaGCN refine",0.98625,0.965870475915198,0.986186505510083,0.983634797588286,0.984762734000871,0.939732142857143,0.961819467358001,0.978442644368957,1,0,NA,0.01375,0.01375,0.00366666666666671,NA,NA,0.0159999999999627
"intermixed",6,"GraphST refine",0.879166666666667,0.720765364466102,0.878811777295716,0.866782760121898,0.866782760121898,0.596428571428571,0.700212114070233,0.813692187091717,0.994477680625863,0,NA,0.120833333333333,0.120833333333333,0.021,NA,NA,0.0710000000000264
"intermixed",7,"Initial",1,1,1,1,1,1,1,1,1,NA,NA,0,0,0,NA,NA,0
"intermixed",7,"Spatial graph",0.996666666666667,0.991692326097918,0.996627137652883,0.994715984147952,0.994715984147952,0.990422289943404,0.991777067153952,0.994805869367615,1,0,NA,0.00333333333333333,0.00333333333333333,0.00316666666666668,0.227950882952536,0.0884673975417095,0.0460000000000491
"intermixed",7,"C++ kNN vote",0.946666666666667,0.871161384847594,0.946547286148946,0.941938178780284,0.943637164244826,0.801480191554201,0.864093193238922,0.917153616413453,0.999534775529193,0,NA,0.0533333333333333,0.0533333333333333,0.00800000000000006,0.226890151515152,0.125008780991736,0.0389999999999873
"intermixed",7,"Potts-like ICM",0.993333333333333,0.983461238638198,0.99323130376477,0.987670629678556,0.987670629678556,0.982150631258163,0.98423937871174,0.989741592001039,0.999767387764596,0,NA,0.00666666666666667,0.00666666666666667,0.00516666666666671,0.208058080808081,0.0764764016899259,0.0389999999999873
"intermixed",7,"SpaGCN refine",0.986916666666667,0.967593835443623,0.986916853364706,0.984355701934953,0.986349625715544,0.944710491946017,0.964595705801736,0.979613037267887,1,0,NA,0.0130833333333333,0.0130833333333333,0.003,NA,NA,0.0159999999999627
"intermixed",7,"GraphST refine",0.87625,0.71519737735925,0.87578984668457,0.852047556142668,0.852047556142668,0.602525032651284,0.704659661946094,0.811972471107648,0.991393347290067,0,NA,0.12375,0.12375,0.0171666666666667,NA,NA,0.0910000000000082
"intermixed",8,"Initial",1,1,1,1,1,1,1,1,1,NA,NA,0,0,0,NA,NA,0
"intermixed",8,"Spatial graph",0.99775,0.994316729770573,0.997767746001267,0.99625,0.999123959702146,0.991637323943662,0.994594594594595,0.996446433271914,1,0,NA,0.00225,0.00225,0.0015,0.224621938092571,0.0853528311974851,0.0570000000000164
"intermixed",8,"C++ kNN vote",0.945333333333333,0.867991226249984,0.945274245112763,0.939553219448095,0.939553219448095,0.803257042253521,0.858519388954172,0.913661489865754,1,0,NA,0.0546666666666667,0.0546666666666667,0.00683333333333333,0.219128787878788,0.120529614325069,0.0459999999999354
"intermixed",8,"Potts-like ICM",0.994333333333333,0.985824358437732,0.994316001836814,0.992115637319317,0.992115637319317,0.980633802816901,0.986368977673326,0.991050276388523,1,0,NA,0.00566666666666667,0.00566666666666667,0.00383333333333338,0.204478675645342,0.0734442706148654,0.0489999999999782
"intermixed",8,"SpaGCN refine",0.986083333333333,0.965498776042108,0.986064580070108,0.98466929478756,0.98466929478756,0.939700704225352,0.961222091656874,0.978020531718873,1,0,NA,0.0139166666666667,0.0139166666666667,0.00133333333333333,NA,NA,0.02699999999993
"intermixed",8,"GraphST refine",0.880583333333333,0.724016242862197,0.8801842133589,0.853701270258432,0.853701270258432,0.616637323943662,0.707873090481786,0.814161621479337,0.995229441163108,0,NA,0.119416666666667,0.119416666666667,0.0186666666666666,NA,NA,0.0749999999999318
"intermixed",9,"Initial",1,1,1,1,1,1,1,1,1,NA,NA,0,0,0,NA,NA,0
"intermixed",9,"Spatial graph",0.997083333333333,0.992711583927338,0.997088754948711,0.99506984387839,0.997404844290657,0.989531178880291,0.992865636147443,0.995366693142706,1,0,NA,0.00291666666666667,0.00291666666666667,0.00133333333333333,0.224757633419597,0.0866432622689662,0.0439999999999827
"intermixed",9,"C++ kNN vote",0.9475,0.873107640257543,0.947409464496233,0.940311418685121,0.940311418685121,0.801547564861174,0.860879904875149,0.916600476568705,1,0,NA,0.0525,0.0525,0.00566666666666668,0.222886363636364,0.122383608815427,0.0629999999999882
"intermixed",9,"Potts-like ICM",0.993166666666667,0.982997204826806,0.993159706606416,0.989317995069844,0.990916955017301,0.977241693218025,0.983115338882283,0.989277204130262,0.999775078722447,0,NA,0.00683333333333333,0.00683333333333333,0.00366666666666665,0.203530864197531,0.0745230777660632,0.0419999999999163
"intermixed",9,"SpaGCN refine",0.987166666666667,0.968218948461503,0.987154181159295,0.985605419136325,0.98659169550173,0.939918070095585,0.96385255648038,0.979613449827906,1,0,NA,0.0128333333333333,0.0128333333333333,0.00116666666666665,NA,NA,0.0179999999999154
"intermixed",9,"GraphST refine",0.8845,0.732179711427291,0.884291861078654,0.86764705882353,0.86764705882353,0.614474283113336,0.715101070154578,0.819698173153296,0.994601889338731,0,NA,0.1155,0.1155,0.0178333333333333,NA,NA,0.102000000000089
"intermixed",10,"Initial",1,1,1,1,1,1,1,1,1,NA,NA,0,0,0,NA,NA,0
"intermixed",10,"Spatial graph",0.996583333333333,0.991440699945242,0.99656523253631,0.993915688830943,0.993915688830943,0.987391304347826,0.991330139174082,0.994644023514043,1,0,NA,0.00341666666666667,0.00341666666666667,0.002,0.227079182906441,0.0875078094093009,0.0659999999999172
"intermixed",10,"C++ kNN vote",0.9425,0.861502685218993,0.942308038600713,0.932203389830508,0.932203389830508,0.792173913043478,0.853296828656172,0.910124101894187,0.999539700805524,0,NA,0.0575,0.0575,0.01,0.220655303030303,0.123678202479339,0.0789999999999509
"intermixed",10,"Potts-like ICM",0.990916666666667,0.977394583336045,0.990851359328197,0.986527596697088,0.986527596697088,0.968695652173913,0.978325347935204,0.986022207707381,0.999539700805524,0,NA,0.00908333333333333,0.00908333333333333,0.00466666666666668,0.203218574635241,0.0769099232126729,0.133000000000038
"intermixed",10,"SpaGCN refine",0.98575,0.964637831386139,0.985699420621359,0.982463644140291,0.98348544111256,0.940434782608696,0.961670088980151,0.977661659046375,1,0,NA,0.01425,0.01425,0.00483333333333333,NA,NA,0.0579999999999927
"intermixed",10,"GraphST refine",0.876833333333333,0.716344466628317,0.876356196257055,0.85158254918734,0.863537592351152,0.604347826086956,0.703855806525211,0.810189418680601,0.994246260069045,0,NA,0.123166666666667,0.123166666666667,0.0208333333333334,NA,NA,0.125999999999976
