"pattern","noise","replicate","method","accuracy","ari","smallest_recall","damage_rate","seconds"
"jagged",0.15,1,"Initial",0.85,0.660998524060773,0.846625,0,0
"jagged",0.15,1,"Spatial graph",0.982025,0.955635936890983,0.974875,0.00120588235294118,0.138000000000005
"jagged",0.15,1,"SpaGCN refine",0.960225,0.903203783476625,0.954625,0.000441176470588235,0.0439999999999969
"jagged",0.15,1,"GraphST refine",0.967075,0.920021318769422,0.956,0.0329117647058824,0.251000000000005
"jagged",0.15,1,"C++ kNN vote",0.9795,0.949610111545668,0.970625,0.0154411764705882,0.132000000000005
"jagged",0.15,1,"3x3 modal filter",0.98465,0.962126398246094,0.979125,0.0118529411764706,0.0459999999999923
"jagged",0.15,1,"Iterated 3x3 filter",0.984525,0.961840226405626,0.97825,0.0127058823529412,0.117999999999995
"jagged",0.15,2,"Initial",0.85,0.660918064610496,0.844625,0,0
"jagged",0.15,2,"Spatial graph",0.98375,0.959831211885318,0.9785,0.00105882352941176,0.138999999999996
"jagged",0.15,2,"SpaGCN refine",0.959975,0.902543230556262,0.955,0.000676470588235294,0.0420000000000016
"jagged",0.15,2,"GraphST refine",0.9667,0.91912823962971,0.957625,0.0331764705882353,0.238
"jagged",0.15,2,"C++ kNN vote",0.979475,0.949522122556938,0.972625,0.0161764705882353,0.128
"jagged",0.15,2,"3x3 modal filter",0.98605,0.965523511574123,0.982375,0.0104705882352941,0.0380000000000109
"jagged",0.15,2,"Iterated 3x3 filter",0.985825,0.9649890423583,0.98175,0.0112647058823529,0.116000000000014
"jagged",0.15,3,"Initial",0.85,0.660915984806595,0.845,0,0
"jagged",0.15,3,"Spatial graph",0.9834,0.958980758114438,0.97875,0.00141176470588235,0.138999999999996
"jagged",0.15,3,"SpaGCN refine",0.960925,0.904855143184282,0.955125,0.000794117647058824,0.0420000000000016
"jagged",0.15,3,"GraphST refine",0.967725,0.921556008295683,0.95975,0.0321764705882353,0.234999999999999
"jagged",0.15,3,"C++ kNN vote",0.9802,0.951285552963318,0.973625,0.0152647058823529,0.129000000000005
"jagged",0.15,3,"3x3 modal filter",0.985075,0.963156793150222,0.980375,0.0117058823529412,0.0379999999999967
"jagged",0.15,3,"Iterated 3x3 filter",0.985125,0.963285877212098,0.980875,0.0118529411764706,0.114000000000004
"jagged",0.15,4,"Initial",0.85,0.660995107032302,0.84525,0,0
"jagged",0.15,4,"Spatial graph",0.982725,0.957322933363432,0.977875,0.00108823529411765,0.137
"jagged",0.15,4,"SpaGCN refine",0.957625,0.897022991584815,0.9515,0.000647058823529412,0.0419999999999874
"jagged",0.15,4,"GraphST refine",0.966525,0.918717116373704,0.95775,0.0335588235294118,0.247
"jagged",0.15,4,"C++ kNN vote",0.979625,0.949891304014534,0.97375,0.0153235294117647,0.134
"jagged",0.15,4,"3x3 modal filter",0.98445,0.96163487591542,0.980125,0.0111470588235294,0.0480000000000018
"jagged",0.15,4,"Iterated 3x3 filter",0.984675,0.96219926186574,0.98,0.0117352941176471,0.121000000000009
"jagged",0.15,5,"Initial",0.85,0.6609285647788,0.845875,0,0
"jagged",0.15,5,"Spatial graph",0.9828,0.9575104770552,0.9775,0.00123529411764706,0.144000000000005
"jagged",0.15,5,"SpaGCN refine",0.95805,0.898006135427029,0.953125,5e-04,0.0509999999999877
"jagged",0.15,5,"GraphST refine",0.967225,0.920369046399167,0.957375,0.0326470588235294,0.24199999999999
"jagged",0.15,5,"C++ kNN vote",0.980275,0.951485413134106,0.973625,0.0149411764705882,0.137
"jagged",0.15,5,"3x3 modal filter",0.98525,0.963572482990171,0.981375,0.0114117647058824,0.0439999999999969
"jagged",0.15,5,"Iterated 3x3 filter",0.9851,0.963229922279796,0.980875,0.0119411764705882,0.122
"jagged",0.15,6,"Initial",0.85,0.661087917418712,0.844875,0,0
"jagged",0.15,6,"Spatial graph",0.982125,0.955877798448483,0.975375,0.00147058823529412,0.141000000000005
"jagged",0.15,6,"SpaGCN refine",0.959475,0.9014090493876,0.9555,0.000352941176470588,0.0419999999999874
"jagged",0.15,6,"GraphST refine",0.968,0.922199902132701,0.95825,0.0314705882352941,0.239999999999995
"jagged",0.15,6,"C++ kNN vote",0.98045,0.951918056866301,0.973125,0.0147647058823529,0.129000000000005
"jagged",0.15,6,"3x3 modal filter",0.985075,0.963166713674989,0.978875,0.0114705882352941,0.0379999999999967
"jagged",0.15,6,"Iterated 3x3 filter",0.9848,0.962504214883958,0.978375,0.0119117647058824,0.118000000000009
"jagged",0.15,7,"Initial",0.85,0.660890494403129,0.846875,0,0
"jagged",0.15,7,"Spatial graph",0.982625,0.957100605235896,0.9755,0.00114705882352941,0.138000000000005
"jagged",0.15,7,"SpaGCN refine",0.959175,0.900663679876435,0.955625,0.000794117647058824,0.0439999999999969
"jagged",0.15,7,"GraphST refine",0.9669,0.919601431742619,0.954125,0.0326470588235294,0.236000000000004
"jagged",0.15,7,"C++ kNN vote",0.979725,0.950135742457474,0.97275,0.0150882352941176,0.129000000000005
"jagged",0.15,7,"3x3 modal filter",0.984475,0.961694468162373,0.97675,0.0121470588235294,0.039999999999992
"jagged",0.15,7,"Iterated 3x3 filter",0.9843,0.961291043041774,0.976,0.0124411764705882,0.116
"jagged",0.15,8,"Initial",0.85,0.661123052215398,0.845875,0,0
"jagged",0.15,8,"Spatial graph",0.984025,0.960511746094131,0.978375,0.000852941176470588,0.138000000000005
"jagged",0.15,8,"SpaGCN refine",0.9569,0.895350909869242,0.9525,0.000558823529411765,0.0609999999999928
"jagged",0.15,8,"GraphST refine",0.96735,0.920695157451658,0.957375,0.0329117647058824,0.271000000000001
"jagged",0.15,8,"C++ kNN vote",0.98035,0.951659797299603,0.97425,0.0152058823529412,0.146999999999991
"jagged",0.15,8,"3x3 modal filter",0.985675,0.964613177900963,0.98225,0.0108235294117647,0.0379999999999967
"jagged",0.15,8,"Iterated 3x3 filter",0.985475,0.964135681304031,0.98175,0.0113235294117647,0.121000000000009
"jagged",0.15,9,"Initial",0.85,0.660994523673218,0.846625,0,0
"jagged",0.15,9,"Spatial graph",0.98365,0.959594442421642,0.9785,0.000764705882352941,0.274000000000001
"jagged",0.15,9,"SpaGCN refine",0.9572,0.896009934801336,0.952375,0.000382352941176471,0.0769999999999982
"jagged",0.15,9,"GraphST refine",0.968,0.922193593106773,0.959125,0.0322058823529412,0.415999999999997
"jagged",0.15,9,"C++ kNN vote",0.9801,0.951044762474516,0.97425,0.0150882352941176,0.134
"jagged",0.15,9,"3x3 modal filter",0.984275,0.961208519746736,0.9795,0.0120588235294118,0.039999999999992
"jagged",0.15,9,"Iterated 3x3 filter",0.98425,0.961169151088369,0.97875,0.0124705882352941,0.114000000000004
"jagged",0.15,10,"Initial",0.85,0.66112109250908,0.843125,0,0
"jagged",0.15,10,"Spatial graph",0.98255,0.956911037950538,0.974625,0.00120588235294118,0.141000000000005
"jagged",0.15,10,"SpaGCN refine",0.958075,0.898115584498377,0.952625,0.000705882352941177,0.0420000000000016
"jagged",0.15,10,"GraphST refine",0.96565,0.916669589443664,0.951,0.0344411764705882,0.236999999999995
"jagged",0.15,10,"C++ kNN vote",0.9787,0.947671881230316,0.96975,0.0165294117647059,0.128
"jagged",0.15,10,"3x3 modal filter",0.9844,0.961485733261693,0.979,0.0118823529411765,0.0369999999999919
"jagged",0.15,10,"Iterated 3x3 filter",0.98485,0.962608039874055,0.978875,0.0120588235294118,0.114999999999995
"jagged",0.25,1,"Initial",0.75,0.475295998067861,0.739625,0,0
"jagged",0.25,1,"Spatial graph",0.9683,0.922473386500378,0.9575,0.00156666666666667,0.138000000000005
"jagged",0.25,1,"SpaGCN refine",0.892125,0.749386399077232,0.884125,0.0022,0.0420000000000016
"jagged",0.25,1,"GraphST refine",0.961275,0.906430204084931,0.946875,0.0393333333333333,0.236000000000004
"jagged",0.25,1,"C++ kNN vote",0.970475,0.927797411803882,0.95825,0.0118333333333333,0.129000000000005
"jagged",0.25,1,"3x3 modal filter",0.969975,0.926597855300454,0.959125,0.0202,0.0380000000000109
"jagged",0.25,1,"Iterated 3x3 filter",0.978175,0.946442888398927,0.970875,0.0156333333333333,0.116
"jagged",0.25,2,"Initial",0.75,0.47471190717122,0.74625,0,0
"jagged",0.25,2,"Spatial graph",0.9676,0.920825603479414,0.958375,0.00233333333333333,0.138000000000005
"jagged",0.25,2,"SpaGCN refine",0.89295,0.751041194970541,0.89,0.0025,0.0430000000000064
"jagged",0.25,2,"GraphST refine",0.96215,0.908482620858363,0.95225,0.037,0.236999999999995
"jagged",0.25,2,"C++ kNN vote",0.9701,0.926867683984398,0.962375,0.0116333333333333,0.128
"jagged",0.25,2,"3x3 modal filter",0.9707,0.928331240734557,0.964,0.0197333333333333,0.0370000000000061
"jagged",0.25,2,"Iterated 3x3 filter",0.9789,0.948200184742389,0.9715,0.0143333333333333,0.114000000000004
"jagged",0.25,3,"Initial",0.75,0.475060399772617,0.746625,0,0
"jagged",0.25,3,"Spatial graph",0.969775,0.925997859776682,0.961,0.0014,0.137
"jagged",0.25,3,"SpaGCN refine",0.89325,0.751684161034446,0.886875,0.00196666666666667,0.0519999999999925
"jagged",0.25,3,"GraphST refine",0.9626,0.909538663296614,0.953625,0.0371666666666667,0.234999999999999
"jagged",0.25,3,"C++ kNN vote",0.970575,0.928029630865478,0.9625,0.0120666666666667,0.129000000000005
"jagged",0.25,3,"3x3 modal filter",0.970225,0.927178636358608,0.96475,0.0200666666666667,0.0379999999999967
"jagged",0.25,3,"Iterated 3x3 filter",0.9788,0.947939308268305,0.972625,0.0150666666666667,0.120999999999995
"jagged",0.25,4,"Initial",0.75,0.474825315562263,0.74025,0,0
"jagged",0.25,4,"Spatial graph",0.97055,0.927842005008109,0.962875,0.0018,0.13900000000001
"jagged",0.25,4,"SpaGCN refine",0.890025,0.744759796373521,0.8865,0.00236666666666667,0.0429999999999922
"jagged",0.25,4,"GraphST refine",0.962,0.908063343058426,0.95275,0.0381666666666667,0.242999999999995
"jagged",0.25,4,"C++ kNN vote",0.970275,0.927266118270096,0.96375,0.0124333333333333,0.128
"jagged",0.25,4,"3x3 modal filter",0.97105,0.929153671384181,0.9665,0.0201,0.0370000000000061
"jagged",0.25,4,"Iterated 3x3 filter",0.97895,0.948313502593631,0.974125,0.0158,0.111999999999995
"jagged",0.25,5,"Initial",0.75,0.475039624421414,0.74475,0,0
"jagged",0.25,5,"Spatial graph",0.968125,0.922084360467365,0.958875,0.0021,0.141000000000005
"jagged",0.25,5,"SpaGCN refine",0.8936,0.75260504936361,0.887625,0.00206666666666667,0.0420000000000016
"jagged",0.25,5,"GraphST refine",0.96275,0.909922863187657,0.949625,0.0360666666666667,0.23299999999999
"jagged",0.25,5,"C++ kNN vote",0.970275,0.927336016127695,0.960125,0.0116,0.128
"jagged",0.25,5,"3x3 modal filter",0.971425,0.930084198648903,0.965875,0.0193666666666667,0.0379999999999967
"jagged",0.25,5,"Iterated 3x3 filter",0.97825,0.9466443627418,0.971125,0.0153666666666667,0.116
"jagged",0.25,6,"Initial",0.75,0.475185430865171,0.74575,0,0
"jagged",0.25,6,"Spatial graph",0.9692,0.924616723622693,0.9615,0.0017,0.13900000000001
"jagged",0.25,6,"SpaGCN refine",0.8918,0.748727348814977,0.888,0.00203333333333333,0.0420000000000016
"jagged",0.25,6,"GraphST refine",0.9624,0.909043146209218,0.95425,0.0384666666666667,0.236999999999995
"jagged",0.25,6,"C++ kNN vote",0.970325,0.927404868756585,0.96275,0.0119,0.13000000000001
"jagged",0.25,6,"3x3 modal filter",0.971075,0.929224170926996,0.96575,0.0189666666666667,0.0369999999999919
"jagged",0.25,6,"Iterated 3x3 filter",0.978975,0.948384128765094,0.972,0.0153333333333333,0.111000000000004
"jagged",0.25,7,"Initial",0.75,0.475074284846604,0.746,0,0
"jagged",0.25,7,"Spatial graph",0.9697,0.925825118903927,0.9585,0.00166666666666667,0.164999999999992
"jagged",0.25,7,"SpaGCN refine",0.89045,0.745820652768293,0.885375,0.002,0.0420000000000016
"jagged",0.25,7,"GraphST refine",0.961075,0.906034320141945,0.94975,0.0386666666666667,0.245999999999995
"jagged",0.25,7,"C++ kNN vote",0.97085,0.928710859874328,0.959375,0.0120666666666667,0.125
"jagged",0.25,7,"3x3 modal filter",0.970025,0.926765302914932,0.9615,0.0204,0.0360000000000014
"jagged",0.25,7,"Iterated 3x3 filter",0.9782,0.946532681242974,0.969875,0.0161333333333333,0.143000000000001
"jagged",0.25,8,"Initial",0.75,0.474927211632945,0.746875,0,0
"jagged",0.25,8,"Spatial graph",0.970025,0.926640334144028,0.960375,0.00166666666666667,0.135000000000005
"jagged",0.25,8,"SpaGCN refine",0.892375,0.749875664921001,0.883625,0.00196666666666667,0.0409999999999968
"jagged",0.25,8,"GraphST refine",0.96345,0.911575132523742,0.949875,0.0365666666666667,0.230000000000004
"jagged",0.25,8,"C++ kNN vote",0.969975,0.926621116542524,0.959875,0.0125333333333333,0.123999999999995
"jagged",0.25,8,"3x3 modal filter",0.9711,0.929315998897365,0.964875,0.0199333333333333,0.0369999999999919
"jagged",0.25,8,"Iterated 3x3 filter",0.979475,0.949600657775052,0.971875,0.0149666666666667,0.105999999999995
"jagged",0.25,9,"Initial",0.75,0.475196631371733,0.743625,0,0
"jagged",0.25,9,"Spatial graph",0.969625,0.925634318995917,0.96175,0.00166666666666667,0.134
"jagged",0.25,9,"SpaGCN refine",0.890175,0.745193357792013,0.87975,0.00186666666666667,0.041000000000011
"jagged",0.25,9,"GraphST refine",0.960775,0.905241016714323,0.949875,0.0398333333333333,0.230000000000004
"jagged",0.25,9,"C++ kNN vote",0.9702,0.927116710081244,0.95825,0.0129333333333333,0.125
"jagged",0.25,9,"3x3 modal filter",0.970725,0.928415001390197,0.96475,0.0198,0.0360000000000014
"jagged",0.25,9,"Iterated 3x3 filter",0.9788,0.947971094600675,0.9725,0.0154333333333333,0.106999999999999
"jagged",0.25,10,"Initial",0.75,0.474955728044912,0.745125,0,0
"jagged",0.25,10,"Spatial graph",0.9701,0.926772296046891,0.96225,0.00156666666666667,0.13300000000001
"jagged",0.25,10,"SpaGCN refine",0.8938,0.752892357343115,0.888375,0.00166666666666667,0.0409999999999968
"jagged",0.25,10,"GraphST refine",0.963075,0.910611297135188,0.953375,0.0372666666666667,0.231999999999999
"jagged",0.25,10,"C++ kNN vote",0.971,0.928989395475423,0.9625,0.0115333333333333,0.125
"jagged",0.25,10,"3x3 modal filter",0.9711,0.929285727672257,0.964125,0.0196,0.0360000000000014
"jagged",0.25,10,"Iterated 3x3 filter",0.979125,0.948716280768102,0.973625,0.0154333333333333,0.106999999999999
"jagged",0.4,1,"Initial",0.6,0.256025900018578,0.59325,0,0
"jagged",0.4,1,"Spatial graph",0.867325,0.696811136239297,0.8485,0.000916666666666667,0.132999999999996
"jagged",0.4,1,"SpaGCN refine",0.7358,0.452938481585214,0.72625,0.00754166666666667,0.041000000000011
"jagged",0.4,1,"GraphST refine",0.95265,0.886486393001405,0.940375,0.04725,0.228999999999999
"jagged",0.4,1,"C++ kNN vote",0.89785,0.76169513385788,0.882875,0.00675,0.125
"jagged",0.4,1,"3x3 modal filter",0.905425,0.778511199437631,0.869625,0.0526666666666667,0.0349999999999966
"jagged",0.4,1,"Iterated 3x3 filter",0.96095,0.905098330052238,0.95225,0.0226666666666667,0.106999999999999
"jagged",0.4,2,"Initial",0.6,0.256192362122705,0.595875,0,0
"jagged",0.4,2,"Spatial graph",0.86675,0.695915626589919,0.839125,0.001375,0.134
"jagged",0.4,2,"SpaGCN refine",0.736125,0.453540021019539,0.72625,0.0095,0.039999999999992
"jagged",0.4,2,"GraphST refine",0.949875,0.880324810461785,0.9345,0.0499166666666667,0.231999999999999
"jagged",0.4,2,"C++ kNN vote",0.897475,0.761052580154564,0.872875,0.00633333333333333,0.126000000000005
"jagged",0.4,2,"3x3 modal filter",0.903,0.773388410234277,0.889,0.0539166666666667,0.0350000000000108
"jagged",0.4,2,"Iterated 3x3 filter",0.95785,0.898167504356896,0.946125,0.0240416666666667,0.108999999999995
"jagged",0.4,3,"Initial",0.6,0.25603144176808,0.59475,0,0
"jagged",0.4,3,"Spatial graph",0.867625,0.697318609749726,0.845375,0.000916666666666667,0.134
"jagged",0.4,3,"SpaGCN refine",0.73385,0.449501324872745,0.724,0.00891666666666667,0.0409999999999968
"jagged",0.4,3,"GraphST refine",0.951,0.882916494258548,0.935125,0.0510416666666667,0.230999999999995
"jagged",0.4,3,"C++ kNN vote",0.89805,0.762028859241392,0.880625,0.00729166666666667,0.124000000000009
"jagged",0.4,3,"3x3 modal filter",0.905275,0.778285858001685,0.879375,0.0560833333333333,0.0350000000000108
"jagged",0.4,3,"Iterated 3x3 filter",0.9611,0.905602005454545,0.947875,0.0242083333333333,0.105999999999995
"jagged",0.4,4,"Initial",0.6,0.255705196898434,0.58575,0,0
"jagged",0.4,4,"Spatial graph",0.8656,0.693294070791341,0.844,0.00145833333333333,0.134
"jagged",0.4,4,"SpaGCN refine",0.736825,0.45430972168432,0.722125,0.00825,0.0409999999999968
"jagged",0.4,4,"GraphST refine",0.950175,0.880974325866636,0.934875,0.0495,0.230000000000004
"jagged",0.4,4,"C++ kNN vote",0.895575,0.756743198169999,0.875375,0.00741666666666667,0.126000000000005
"jagged",0.4,4,"3x3 modal filter",0.90535,0.778358619964435,0.885625,0.0542916666666667,0.0360000000000014
"jagged",0.4,4,"Iterated 3x3 filter",0.959775,0.902405424296501,0.952375,0.0237916666666667,0.106999999999999
"jagged",0.4,5,"Initial",0.6,0.256024386634382,0.58825,0,0
"jagged",0.4,5,"Spatial graph",0.863375,0.689249826558219,0.82225,0.00141666666666667,0.132999999999996
"jagged",0.4,5,"SpaGCN refine",0.7339,0.44950381667486,0.716625,0.00891666666666667,0.0409999999999968
"jagged",0.4,5,"GraphST refine",0.9518,0.884521923879231,0.9325,0.0484166666666667,0.230000000000004
"jagged",0.4,5,"C++ kNN vote",0.89525,0.756548822049998,0.85475,0.00783333333333333,0.123999999999995
"jagged",0.4,5,"3x3 modal filter",0.902925,0.772910696432788,0.882,0.0553333333333333,0.0350000000000108
"jagged",0.4,5,"Iterated 3x3 filter",0.959725,0.902413353710776,0.93875,0.0234166666666667,0.105000000000004
"jagged",0.4,6,"Initial",0.6,0.256065899609015,0.596875,0,0
"jagged",0.4,6,"Spatial graph",0.871275,0.705072019174579,0.852,0.00154166666666667,0.134
"jagged",0.4,6,"SpaGCN refine",0.73475,0.450980039379797,0.728375,0.00995833333333333,0.041000000000011
"jagged",0.4,6,"GraphST refine",0.9505,0.881797777990863,0.93675,0.0500833333333333,0.228000000000009
"jagged",0.4,6,"C++ kNN vote",0.897475,0.760954813334761,0.882375,0.00808333333333333,0.126000000000005
"jagged",0.4,6,"3x3 modal filter",0.905175,0.778049012380557,0.882375,0.0554166666666667,0.0360000000000014
"jagged",0.4,6,"Iterated 3x3 filter",0.96045,0.904085891018495,0.954,0.0231666666666667,0.122
"jagged",0.4,7,"Initial",0.6,0.256354210755697,0.5925,0,0
"jagged",0.4,7,"Spatial graph",0.87215,0.707206436692138,0.839125,0.00125,0.135999999999996
"jagged",0.4,7,"SpaGCN refine",0.73745,0.455614145833885,0.72525,0.00933333333333333,0.0409999999999968
"jagged",0.4,7,"GraphST refine",0.951425,0.883806142173712,0.93175,0.0496666666666667,0.233000000000004
"jagged",0.4,7,"C++ kNN vote",0.899,0.764404331600021,0.875375,0.00704166666666667,0.125999999999991
"jagged",0.4,7,"3x3 modal filter",0.907225,0.782576148255448,0.886625,0.0567916666666667,0.0369999999999919
"jagged",0.4,7,"Iterated 3x3 filter",0.959725,0.90238278032277,0.94975,0.0245,0.109999999999999
"jagged",0.4,8,"Initial",0.6,0.25548410555985,0.59275,0,0
"jagged",0.4,8,"Spatial graph",0.863125,0.688281585452692,0.84075,0.00170833333333333,0.146999999999991
"jagged",0.4,8,"SpaGCN refine",0.736175,0.453156802941804,0.72175,0.00758333333333333,0.0420000000000016
"jagged",0.4,8,"GraphST refine",0.951125,0.883082426120447,0.934875,0.0485416666666667,0.234999999999999
"jagged",0.4,8,"C++ kNN vote",0.894475,0.754463546441832,0.8735,0.007,0.13000000000001
"jagged",0.4,8,"3x3 modal filter",0.903275,0.773979954981763,0.883375,0.0550416666666667,0.0369999999999919
"jagged",0.4,8,"Iterated 3x3 filter",0.959925,0.902973993942052,0.9465,0.0233333333333333,0.112000000000009
"jagged",0.4,9,"Initial",0.6,0.255872953155207,0.596375,0,0
"jagged",0.4,9,"Spatial graph",0.86785,0.698295646263388,0.84275,0.00158333333333333,0.137
"jagged",0.4,9,"SpaGCN refine",0.735125,0.45167233476629,0.725625,0.00820833333333333,0.0420000000000016
"jagged",0.4,9,"GraphST refine",0.949425,0.879239428170806,0.9345,0.05025,0.233999999999995
"jagged",0.4,9,"C++ kNN vote",0.89665,0.75927540752152,0.875125,0.00691666666666667,0.128999999999991
"jagged",0.4,9,"3x3 modal filter",0.90515,0.778109803895297,0.88525,0.0532083333333333,0.0379999999999967
"jagged",0.4,9,"Iterated 3x3 filter",0.96005,0.903163309171316,0.950875,0.0225833333333333,0.132999999999996
"jagged",0.4,10,"Initial",0.6,0.256240012151691,0.590625,0,0
"jagged",0.4,10,"Spatial graph",0.865375,0.69300926215227,0.827125,0.00129166666666667,0.143000000000001
"jagged",0.4,10,"SpaGCN refine",0.734075,0.450070564669287,0.722625,0.00904166666666667,0.0439999999999969
"jagged",0.4,10,"GraphST refine",0.9531,0.887668626906745,0.939125,0.0475416666666667,0.262
"jagged",0.4,10,"C++ kNN vote",0.8955,0.756650364882883,0.869875,0.00708333333333333,0.154000000000011
"jagged",0.4,10,"3x3 modal filter",0.90455,0.776682615270141,0.882125,0.0540833333333333,0.0369999999999919
"jagged",0.4,10,"Iterated 3x3 filter",0.960425,0.903903357029004,0.950375,0.0225,0.108999999999995
"rings",0.15,1,"Initial",0.85,0.660860781484265,0.8445,0,0
"rings",0.15,1,"Spatial graph",0.988775,0.972156901095738,0.983,0.000411764705882353,0.135000000000005
"rings",0.15,1,"SpaGCN refine",0.96165,0.906521017161739,0.95525,0.000558823529411765,0.0409999999999968
"rings",0.15,1,"GraphST refine",0.982725,0.957413383720717,0.978375,0.0174117647058824,0.238
"rings",0.15,1,"C++ kNN vote",0.988375,0.971197809834722,0.9835,0.00835294117647059,0.129000000000005
"rings",0.15,1,"3x3 modal filter",0.9899,0.974956778637292,0.98675,0.00767647058823529,0.0370000000000061
"rings",0.15,1,"Iterated 3x3 filter",0.991525,0.978966693436014,0.989125,0.00667647058823529,0.111999999999995
"rings",0.15,2,"Initial",0.85,0.660883441835298,0.84675,0,0
"rings",0.15,2,"Spatial graph",0.98805,0.970374051817585,0.982125,0.000588235294117647,0.137
"rings",0.15,2,"SpaGCN refine",0.962,0.907398763178578,0.955625,0.000352941176470588,0.041000000000011
"rings",0.15,2,"GraphST refine",0.981925,0.955477141959837,0.978875,0.0177941176470588,0.231999999999999
"rings",0.15,2,"C++ kNN vote",0.98885,0.97236465544192,0.985875,0.00741176470588235,0.126000000000005
"rings",0.15,2,"3x3 modal filter",0.9893,0.973490012638524,0.985875,0.00764705882352941,0.0349999999999966
"rings",0.15,2,"Iterated 3x3 filter",0.99065,0.976820200017995,0.988125,0.00679411764705882,0.106999999999999
"rings",0.15,3,"Initial",0.85,0.660932243083608,0.8475,0,0.00100000000000477
"rings",0.15,3,"Spatial graph",0.9875,0.969032043855173,0.9815,0.000441176470588235,0.135999999999996
"rings",0.15,3,"SpaGCN refine",0.960525,0.903886215839814,0.957,0.000558823529411765,0.0409999999999968
"rings",0.15,3,"GraphST refine",0.98205,0.955796877592557,0.9765,0.0178235294117647,0.230999999999995
"rings",0.15,3,"C++ kNN vote",0.988225,0.970840674244397,0.98325,0.00791176470588235,0.125999999999991
"rings",0.15,3,"3x3 modal filter",0.989875,0.974912562814589,0.98525,0.00747058823529412,0.0360000000000014
"rings",0.15,3,"Iterated 3x3 filter",0.991475,0.978857374171971,0.987125,0.00635294117647059,0.109000000000009
"rings",0.15,4,"Initial",0.85,0.661043597174441,0.8465,0,0
"rings",0.15,4,"Spatial graph",0.9888,0.972223313020195,0.983125,0.000235294117647059,0.135000000000005
"rings",0.15,4,"SpaGCN refine",0.95715,0.895965002094387,0.949625,0.000764705882352941,0.0400000000000063
"rings",0.15,4,"GraphST refine",0.9814,0.954199892723486,0.974125,0.0190294117647059,0.231999999999999
"rings",0.15,4,"C++ kNN vote",0.988675,0.971936961193659,0.982875,0.00782352941176471,0.125
"rings",0.15,4,"3x3 modal filter",0.989025,0.97280981777895,0.984,0.00773529411764706,0.0360000000000014
"rings",0.15,4,"Iterated 3x3 filter",0.9909,0.977432225330312,0.986625,0.00664705882352941,0.10799999999999
"rings",0.15,5,"Initial",0.85,0.661049971356967,0.841625,0,0
"rings",0.15,5,"Spatial graph",0.988525,0.971541101253713,0.984125,0.000352941176470588,0.134
"rings",0.15,5,"SpaGCN refine",0.962225,0.907945854701279,0.952375,0.000235294117647059,0.0400000000000063
"rings",0.15,5,"GraphST refine",0.980925,0.953052723718284,0.974875,0.0193823529411765,0.22999999999999
"rings",0.15,5,"C++ kNN vote",0.9889,0.972486147158345,0.985,0.00767647058823529,0.125
"rings",0.15,5,"3x3 modal filter",0.99,0.975219880754102,0.9865,0.00752941176470588,0.0349999999999966
"rings",0.15,5,"Iterated 3x3 filter",0.991325,0.978486623674387,0.988125,0.00647058823529412,0.106000000000009
"rings",0.15,6,"Initial",0.85,0.661140394163322,0.8475,0,0
"rings",0.15,6,"Spatial graph",0.987725,0.969568454982942,0.983375,0.000382352941176471,0.13600000000001
"rings",0.15,6,"SpaGCN refine",0.9606,0.90404866986967,0.959,0.000617647058823529,0.041000000000011
"rings",0.15,6,"GraphST refine",0.98295,0.95796791071865,0.979875,0.0171470588235294,0.230000000000004
"rings",0.15,6,"C++ kNN vote",0.98845,0.971379897134558,0.9855,0.00752941176470588,0.125999999999991
"rings",0.15,6,"3x3 modal filter",0.9891,0.972989754094469,0.985,0.00761764705882353,0.0360000000000014
"rings",0.15,6,"Iterated 3x3 filter",0.99125,0.978288473181454,0.9885,0.006,0.108000000000004
"rings",0.15,7,"Initial",0.85,0.661086407792306,0.84525,0,0
"rings",0.15,7,"Spatial graph",0.988025,0.970311520689141,0.984,0.000441176470588235,0.134
"rings",0.15,7,"SpaGCN refine",0.960925,0.904825799987645,0.95975,0.000617647058823529,0.0409999999999968
"rings",0.15,7,"GraphST refine",0.981525,0.954504586843775,0.9765,0.0182352941176471,0.230000000000004
"rings",0.15,7,"C++ kNN vote",0.9888,0.972241615138945,0.98325,0.00732352941176471,0.125
"rings",0.15,7,"3x3 modal filter",0.9898,0.974721308163461,0.98625,0.00797058823529412,0.0370000000000061
"rings",0.15,7,"Iterated 3x3 filter",0.9918,0.97964807954041,0.989,0.00632352941176471,0.106999999999999
"rings",0.15,8,"Initial",0.85,0.660905505063957,0.84625,0,0
"rings",0.15,8,"Spatial graph",0.9882,0.970739217296733,0.9845,0.000529411764705882,0.134
"rings",0.15,8,"SpaGCN refine",0.960175,0.903057420546171,0.956,0.000441176470588235,0.041000000000011
"rings",0.15,8,"GraphST refine",0.9825,0.956866089005366,0.980375,0.0177647058823529,0.26700000000001
"rings",0.15,8,"C++ kNN vote",0.989525,0.974020140753846,0.986875,0.00732352941176471,0.129999999999995
"rings",0.15,8,"3x3 modal filter",0.9903,0.975944020623815,0.98725,0.0075,0.0370000000000061
"rings",0.15,8,"Iterated 3x3 filter",0.992025,0.980199841931232,0.989625,0.00626470588235294,0.122
"rings",0.15,9,"Initial",0.85,0.661066172675644,0.845,0,0
"rings",0.15,9,"Spatial graph",0.98915,0.97308308866088,0.98475,0.000294117647058824,0.134999999999991
"rings",0.15,9,"SpaGCN refine",0.9607,0.904305943505281,0.957,0.000529411764705882,0.0420000000000016
"rings",0.15,9,"GraphST refine",0.983725,0.959867210771412,0.9785,0.0167058823529412,0.231999999999999
"rings",0.15,9,"C++ kNN vote",0.98945,0.973843705747195,0.98625,0.00802941176470588,0.125999999999991
"rings",0.15,9,"3x3 modal filter",0.990275,0.975894082505688,0.98525,0.008,0.0360000000000014
"rings",0.15,9,"Iterated 3x3 filter",0.99205,0.980270490796428,0.98825,0.00667647058823529,0.105999999999995
"rings",0.15,10,"Initial",0.85,0.661005335372787,0.84475,0,0
"rings",0.15,10,"Spatial graph",0.988375,0.971172165141385,0.983375,0.000264705882352941,0.140999999999991
"rings",0.15,10,"SpaGCN refine",0.9621,0.907633739485461,0.95775,0.000558823529411765,0.0429999999999922
"rings",0.15,10,"GraphST refine",0.9823,0.956389644327684,0.975625,0.0177647058823529,0.238
"rings",0.15,10,"C++ kNN vote",0.989,0.9727383612418,0.98375,0.00752941176470588,0.126999999999995
"rings",0.15,10,"3x3 modal filter",0.99025,0.975826009630604,0.987375,0.00697058823529412,0.0379999999999967
"rings",0.15,10,"Iterated 3x3 filter",0.991575,0.97909388206643,0.98925,0.00585294117647059,0.109999999999999
"rings",0.25,1,"Initial",0.75,0.474955465501719,0.74725,0,0
"rings",0.25,1,"Spatial graph",0.978225,0.946414152352864,0.966875,0.000466666666666667,0.146999999999991
"rings",0.25,1,"SpaGCN refine",0.893925,0.753218114849213,0.888125,0.0022,0.041000000000011
"rings",0.25,1,"GraphST refine",0.97685,0.943265402738531,0.968875,0.0226333333333333,0.236000000000004
"rings",0.25,1,"C++ kNN vote",0.9798,0.950247763565021,0.971875,0.00653333333333333,0.125999999999991
"rings",0.25,1,"3x3 modal filter",0.9766,0.942483607584923,0.969875,0.0146666666666667,0.0360000000000014
"rings",0.25,1,"Iterated 3x3 filter",0.98725,0.968473176414313,0.9825,0.00856666666666667,0.108000000000004
"rings",0.25,2,"Initial",0.75,0.474942600055936,0.74725,0,0
"rings",0.25,2,"Spatial graph",0.978525,0.947131118299717,0.970625,0.000633333333333333,0.13600000000001
"rings",0.25,2,"SpaGCN refine",0.894475,0.754339421417488,0.889125,0.00176666666666667,0.0430000000000064
"rings",0.25,2,"GraphST refine",0.9776,0.945077595370678,0.970125,0.0223333333333333,0.230999999999995
"rings",0.25,2,"C++ kNN vote",0.980475,0.951892913305409,0.974125,0.00656666666666667,0.126000000000005
"rings",0.25,2,"3x3 modal filter",0.9785,0.947084684694234,0.972,0.0146333333333333,0.0349999999999966
"rings",0.25,2,"Iterated 3x3 filter",0.987275,0.968541967189934,0.981125,0.009,0.108000000000004
"rings",0.25,3,"Initial",0.75,0.474724938042587,0.746375,0,0
"rings",0.25,3,"Spatial graph",0.979025,0.948337429980233,0.97025,0.000366666666666667,0.135999999999996
"rings",0.25,3,"SpaGCN refine",0.89605,0.757607512910842,0.892,0.0022,0.0420000000000016
"rings",0.25,3,"GraphST refine",0.977725,0.945371185821755,0.97275,0.0225333333333333,0.230999999999995
"rings",0.25,3,"C++ kNN vote",0.9799,0.950495037654457,0.971375,0.00663333333333333,0.126000000000005
"rings",0.25,3,"3x3 modal filter",0.978175,0.946317221463443,0.969375,0.0144666666666667,0.0369999999999919
"rings",0.25,3,"Iterated 3x3 filter",0.987275,0.96854250254434,0.981375,0.00843333333333333,0.108000000000004
"rings",0.25,4,"Initial",0.75,0.475198317013084,0.746125,0,0
"rings",0.25,4,"Spatial graph",0.97835,0.946678383178332,0.9715,0.000433333333333333,0.135000000000005
"rings",0.25,4,"SpaGCN refine",0.895675,0.757147277418638,0.89,0.0018,0.0409999999999968
"rings",0.25,4,"GraphST refine",0.97685,0.943245436135118,0.97225,0.0231666666666667,0.231000000000009
"rings",0.25,4,"C++ kNN vote",0.980875,0.952835371081378,0.9765,0.00666666666666667,0.126999999999995
"rings",0.25,4,"3x3 modal filter",0.978875,0.947988680984258,0.973375,0.0136666666666667,0.0360000000000014
"rings",0.25,4,"Iterated 3x3 filter",0.98805,0.97041376358922,0.986125,0.00756666666666667,0.11099999999999
"rings",0.25,5,"Initial",0.75,0.474953150636543,0.74775,0,0
"rings",0.25,5,"Spatial graph",0.977875,0.945547440540649,0.96975,0.000466666666666667,0.134
"rings",0.25,5,"SpaGCN refine",0.892425,0.749981966289556,0.88575,0.0015,0.0409999999999968
"rings",0.25,5,"GraphST refine",0.977875,0.945734857377088,0.9715,0.0216,0.230999999999995
"rings",0.25,5,"C++ kNN vote",0.981075,0.953337097065703,0.974125,0.00616666666666667,0.125999999999991
"rings",0.25,5,"3x3 modal filter",0.97705,0.943582670418521,0.969625,0.0141333333333333,0.0370000000000061
"rings",0.25,5,"Iterated 3x3 filter",0.98745,0.968968845867444,0.983625,0.0081,0.109999999999999
"rings",0.25,6,"Initial",0.75,0.475058435350181,0.74525,0,0
"rings",0.25,6,"Spatial graph",0.9788,0.947776780378772,0.97025,5e-04,0.137
"rings",0.25,6,"SpaGCN refine",0.895,0.755512200673672,0.889125,0.00216666666666667,0.0409999999999968
"rings",0.25,6,"GraphST refine",0.979025,0.948479368462517,0.974625,0.0216,0.230999999999995
"rings",0.25,6,"C++ kNN vote",0.981825,0.955162887247272,0.975,0.00623333333333333,0.126999999999995
"rings",0.25,6,"3x3 modal filter",0.976825,0.943064262721439,0.96925,0.0154666666666667,0.0360000000000014
"rings",0.25,6,"Iterated 3x3 filter",0.9865,0.966638918055357,0.979875,0.0098,0.106999999999999
"rings",0.25,7,"Initial",0.75,0.475009743507558,0.745875,0,0
"rings",0.25,7,"Spatial graph",0.9781,0.946071832056484,0.967,0.000666666666666667,0.135000000000005
"rings",0.25,7,"SpaGCN refine",0.895875,0.757389704495691,0.885625,0.0021,0.0409999999999968
"rings",0.25,7,"GraphST refine",0.977425,0.944636836028112,0.97175,0.0232,0.236000000000004
"rings",0.25,7,"C++ kNN vote",0.97985,0.950371990130187,0.971125,0.00736666666666667,0.125
"rings",0.25,7,"3x3 modal filter",0.97745,0.944567432004204,0.96775,0.0148333333333333,0.0359999999999872
"rings",0.25,7,"Iterated 3x3 filter",0.987125,0.96817335573557,0.981875,0.0091,0.108000000000004
"rings",0.25,8,"Initial",0.75,0.474919131710267,0.739,0,0
"rings",0.25,8,"Spatial graph",0.97905,0.948393638896822,0.972125,0.000566666666666667,0.134
"rings",0.25,8,"SpaGCN refine",0.89495,0.75526692883256,0.884125,0.00223333333333333,0.0409999999999968
"rings",0.25,8,"GraphST refine",0.9774,0.944600421023703,0.970875,0.0226666666666667,0.23299999999999
"rings",0.25,8,"C++ kNN vote",0.981075,0.953350021700456,0.97425,0.0062,0.126000000000005
"rings",0.25,8,"3x3 modal filter",0.977275,0.944134450302672,0.97075,0.0143,0.0360000000000014
"rings",0.25,8,"Iterated 3x3 filter",0.986375,0.966337021333439,0.981375,0.009,0.105999999999995
"rings",0.25,9,"Initial",0.75,0.475144606529825,0.74675,0,0
"rings",0.25,9,"Spatial graph",0.97955,0.949590066796572,0.973125,7e-04,0.134
"rings",0.25,9,"SpaGCN refine",0.89495,0.755464490459874,0.8905,0.00183333333333333,0.0420000000000016
"rings",0.25,9,"GraphST refine",0.977675,0.94523654542124,0.97175,0.0228666666666667,0.230000000000004
"rings",0.25,9,"C++ kNN vote",0.9815,0.954379837620984,0.9755,0.0065,0.126999999999995
"rings",0.25,9,"3x3 modal filter",0.978125,0.946176284999323,0.97125,0.0145333333333333,0.0720000000000027
"rings",0.25,9,"Iterated 3x3 filter",0.9876,0.969333052307732,0.983625,0.00846666666666667,0.111000000000004
"rings",0.25,10,"Initial",0.75,0.474808593940961,0.743625,0,0
"rings",0.25,10,"Spatial graph",0.976475,0.942167201194992,0.9665,0.000633333333333333,0.13600000000001
"rings",0.25,10,"SpaGCN refine",0.893675,0.752741756278801,0.88425,0.00203333333333333,0.0419999999999874
"rings",0.25,10,"GraphST refine",0.97765,0.945204755327072,0.970375,0.0216,0.231000000000009
"rings",0.25,10,"C++ kNN vote",0.979225,0.948850966929713,0.969125,0.00643333333333333,0.125
"rings",0.25,10,"3x3 modal filter",0.97685,0.943130670909107,0.9675,0.0147,0.0349999999999966
"rings",0.25,10,"Iterated 3x3 filter",0.986575,0.96682878029948,0.980875,0.00793333333333333,0.105999999999995
"rings",0.4,1,"Initial",0.6,0.256711667173971,0.595125,0,0
"rings",0.4,1,"Spatial graph",0.8879,0.740068823765339,0.863,0.000541666666666667,0.134999999999991
"rings",0.4,1,"SpaGCN refine",0.7366,0.454468974694691,0.733,0.00816666666666667,0.0409999999999968
"rings",0.4,1,"GraphST refine",0.967775,0.921792430214992,0.951125,0.0327916666666667,0.230999999999995
"rings",0.4,1,"C++ kNN vote",0.9168,0.803282017469531,0.894875,0.00395833333333333,0.125999999999991
"rings",0.4,1,"3x3 modal filter",0.9144,0.798418051793315,0.8755,0.047125,0.0349999999999966
"rings",0.4,1,"Iterated 3x3 filter",0.9717,0.930674169654669,0.955625,0.0155416666666667,0.106999999999999
"rings",0.4,2,"Initial",0.6,0.256530225489509,0.596625,0,0
"rings",0.4,2,"Spatial graph",0.8909,0.74670356763773,0.870625,0.000416666666666667,0.134
"rings",0.4,2,"SpaGCN refine",0.736475,0.454145463337592,0.730125,0.007625,0.041000000000011
"rings",0.4,2,"GraphST refine",0.966,0.917692834620953,0.953,0.0338333333333333,0.253
"rings",0.4,2,"C++ kNN vote",0.916575,0.802919282924979,0.898375,0.00520833333333333,0.12700000000001
"rings",0.4,2,"3x3 modal filter",0.91335,0.79596060154414,0.881125,0.0500833333333333,0.0369999999999919
"rings",0.4,2,"Iterated 3x3 filter",0.97125,0.929647357328565,0.959625,0.0154166666666667,0.111999999999995
"rings",0.4,3,"Initial",0.6,0.256179769626952,0.59425,0,0
"rings",0.4,3,"Spatial graph",0.888225,0.740860015876691,0.86175,0.00104166666666667,0.134
"rings",0.4,3,"SpaGCN refine",0.739375,0.45896465120138,0.72425,0.008625,0.041000000000011
"rings",0.4,3,"GraphST refine",0.9665,0.918754034013191,0.95425,0.0342083333333333,0.230999999999995
"rings",0.4,3,"C++ kNN vote",0.9148,0.798881146489296,0.891125,0.00395833333333333,0.129000000000005
"rings",0.4,3,"3x3 modal filter",0.916225,0.802416492912046,0.880625,0.0476666666666667,0.0510000000000019
"rings",0.4,3,"Iterated 3x3 filter",0.972825,0.933405252715079,0.961875,0.0143333333333333,0.108000000000004
"rings",0.4,4,"Initial",0.6,0.256191874456822,0.59,0,0
"rings",0.4,4,"Spatial graph",0.884325,0.732748631153233,0.84375,0.000375,0.144000000000005
"rings",0.4,4,"SpaGCN refine",0.739175,0.458323334193786,0.72375,0.00766666666666667,0.0419999999999874
"rings",0.4,4,"GraphST refine",0.967725,0.921632603189616,0.953375,0.0321666666666667,0.23299999999999
"rings",0.4,4,"C++ kNN vote",0.9134,0.795850419816855,0.883625,0.00391666666666667,0.126000000000005
"rings",0.4,4,"3x3 modal filter",0.912875,0.795217510618933,0.8855,0.046875,0.0370000000000061
"rings",0.4,4,"Iterated 3x3 filter",0.97095,0.929026462193088,0.955375,0.0147916666666667,0.106999999999999
"rings",0.4,5,"Initial",0.6,0.255882841073791,0.58925,0,0
"rings",0.4,5,"Spatial graph",0.885625,0.735345702419742,0.864,0.000666666666666667,0.134999999999991
"rings",0.4,5,"SpaGCN refine",0.736975,0.454538800059673,0.724,0.00766666666666667,0.0409999999999968
"rings",0.4,5,"GraphST refine",0.96705,0.920091525100086,0.955,0.033125,0.238
"rings",0.4,5,"C++ kNN vote",0.91105,0.790487962897804,0.896,0.00429166666666667,0.125
"rings",0.4,5,"3x3 modal filter",0.91295,0.795163018996054,0.885875,0.04775,0.0380000000000109
"rings",0.4,5,"Iterated 3x3 filter",0.969925,0.926464707639142,0.957375,0.0167916666666667,0.105999999999995
"rings",0.4,6,"Initial",0.6,0.255975826930951,0.59875,0,0
"rings",0.4,6,"Spatial graph",0.883075,0.730015926597714,0.858375,5e-04,0.135999999999996
"rings",0.4,6,"SpaGCN refine",0.739025,0.45800512762635,0.7335,0.0085,0.0409999999999968
"rings",0.4,6,"GraphST refine",0.967,0.919936297363554,0.953875,0.0330833333333333,0.230999999999995
"rings",0.4,6,"C++ kNN vote",0.912075,0.792965450841271,0.88925,0.00433333333333333,0.126000000000005
"rings",0.4,6,"3x3 modal filter",0.912,0.793310824802088,0.889625,0.049875,0.0360000000000014
"rings",0.4,6,"Iterated 3x3 filter",0.967975,0.921879786638778,0.952625,0.0164583333333333,0.106999999999999
"rings",0.4,7,"Initial",0.6,0.255971129385603,0.588125,0,0
"rings",0.4,7,"Spatial graph",0.887675,0.739536685228452,0.869625,0.000625,0.135999999999996
"rings",0.4,7,"SpaGCN refine",0.7369,0.45477769412837,0.723625,0.00820833333333333,0.0420000000000016
"rings",0.4,7,"GraphST refine",0.96895,0.924531248694533,0.96025,0.0306666666666667,0.230999999999995
"rings",0.4,7,"C++ kNN vote",0.915175,0.799633686958993,0.9005,0.00491666666666667,0.126000000000005
"rings",0.4,7,"3x3 modal filter",0.910925,0.790793221395891,0.8635,0.0477916666666667,0.0369999999999919
"rings",0.4,7,"Iterated 3x3 filter",0.968125,0.922207370891776,0.941125,0.0156666666666667,0.105999999999995
"rings",0.4,8,"Initial",0.6,0.255945355129933,0.592625,0,0
"rings",0.4,8,"Spatial graph",0.8918,0.748639480820219,0.860125,0.000791666666666667,0.13600000000001
"rings",0.4,8,"SpaGCN refine",0.740625,0.460681993557041,0.73425,0.00779166666666667,0.041000000000011
"rings",0.4,8,"GraphST refine",0.96895,0.924525766029697,0.95975,0.03175,0.230000000000004
"rings",0.4,8,"C++ kNN vote",0.9175,0.804908609829295,0.89675,0.00425,0.126000000000005
"rings",0.4,8,"3x3 modal filter",0.91545,0.800690136665613,0.87075,0.0459583333333333,0.0369999999999919
"rings",0.4,8,"Iterated 3x3 filter",0.9709,0.928788358849708,0.953625,0.01575,0.106999999999999
"rings",0.4,9,"Initial",0.6,0.255622262437278,0.596875,0,0
"rings",0.4,9,"Spatial graph",0.8854,0.734801411973573,0.86025,0.00075,0.134
"rings",0.4,9,"SpaGCN refine",0.73765,0.45558910205671,0.732625,0.00883333333333333,0.041000000000011
"rings",0.4,9,"GraphST refine",0.966925,0.919728922932572,0.957375,0.0323333333333333,0.231999999999999
"rings",0.4,9,"C++ kNN vote",0.911725,0.792032201429247,0.89725,0.00458333333333333,0.125
"rings",0.4,9,"3x3 modal filter",0.91365,0.796533554166926,0.888,0.0460416666666667,0.0360000000000014
"rings",0.4,9,"Iterated 3x3 filter",0.970625,0.928061995202362,0.958875,0.0153333333333333,0.108999999999995
"rings",0.4,10,"Initial",0.6,0.255881995033132,0.59175,0,0
"rings",0.4,10,"Spatial graph",0.886225,0.736553472107556,0.8595,5e-04,0.135000000000005
"rings",0.4,10,"SpaGCN refine",0.73765,0.455911112494848,0.72575,0.00858333333333333,0.041000000000011
"rings",0.4,10,"GraphST refine",0.96865,0.92378275224515,0.95725,0.0309583333333333,0.230999999999995
"rings",0.4,10,"C++ kNN vote",0.914075,0.797256405830583,0.89475,0.003875,0.126000000000005
"rings",0.4,10,"3x3 modal filter",0.9153,0.800187667629467,0.88275,0.0488333333333333,0.0360000000000014
"rings",0.4,10,"Iterated 3x3 filter",0.969775,0.926057274882815,0.958375,0.016375,0.106000000000009
"layers",0.15,1,"Initial",0.85,0.660977019536072,0.84525,0,0
"layers",0.15,1,"Spatial graph",0.9916,0.979117304746525,0.988875,0,0.134
"layers",0.15,1,"SpaGCN refine",0.962225,0.90792216931634,0.958625,0.000470588235294118,0.0409999999999968
"layers",0.15,1,"GraphST refine",0.98805,0.97042450334911,0.984875,0.0117941176470588,0.230000000000004
"layers",0.15,1,"C++ kNN vote",0.99205,0.980250239323677,0.989125,0.00535294117647059,0.126000000000005
"layers",0.15,1,"3x3 modal filter",0.991675,0.979332475799082,0.98875,0.00638235294117647,0.0349999999999966
"layers",0.15,1,"Iterated 3x3 filter",0.99305,0.982727794923768,0.99075,0.00508823529411765,0.106999999999999
"layers",0.15,2,"Initial",0.85,0.660987471374358,0.844875,0,0
"layers",0.15,2,"Spatial graph",0.992425,0.981160793284064,0.9895,0,0.138999999999996
"layers",0.15,2,"SpaGCN refine",0.96205,0.907496555678322,0.959375,0.000558823529411765,0.054000000000002
"layers",0.15,2,"GraphST refine",0.98775,0.969693175496878,0.984375,0.0121764705882353,0.24499999999999
"layers",0.15,2,"C++ kNN vote",0.992325,0.980929699100766,0.989125,0.00529411764705882,0.171000000000006
"layers",0.15,2,"3x3 modal filter",0.991425,0.978710237076223,0.98875,0.00664705882352941,0.0389999999999873
"layers",0.15,2,"Iterated 3x3 filter",0.993175,0.983036294334681,0.990375,0.00511764705882353,0.113
"layers",0.15,3,"Initial",0.85,0.661011284359817,0.845375,0,0
"layers",0.15,3,"Spatial graph",0.992125,0.980414933303394,0.989875,0,0.174000000000007
"layers",0.15,3,"SpaGCN refine",0.964825,0.914112288525962,0.96175,0.000441176470588235,0.0430000000000064
"layers",0.15,3,"GraphST refine",0.98765,0.969446806126729,0.9835,0.0122941176470588,0.23599999999999
"layers",0.15,3,"C++ kNN vote",0.9926,0.981604021923588,0.989875,0.00505882352941176,0.12700000000001
"layers",0.15,3,"3x3 modal filter",0.991025,0.977727245987027,0.98925,0.00694117647058824,0.0389999999999873
"layers",0.15,3,"Iterated 3x3 filter",0.992525,0.981430417251168,0.990875,0.00552941176470588,0.134999999999991
"layers",0.15,4,"Initial",0.85,0.660958265602349,0.84625,0,0
"layers",0.15,4,"Spatial graph",0.99275,0.981964312734345,0.98875,0,0.146000000000015
"layers",0.15,4,"SpaGCN refine",0.961175,0.905412585233569,0.958625,0.000647058823529412,0.0409999999999968
"layers",0.15,4,"GraphST refine",0.98875,0.97214428564364,0.985,0.011,0.234000000000009
"layers",0.15,4,"C++ kNN vote",0.9923,0.980866958995919,0.989,0.00511764705882353,0.127999999999986
"layers",0.15,4,"3x3 modal filter",0.991,0.977663444143641,0.987375,0.00682352941176471,0.0380000000000109
"layers",0.15,4,"Iterated 3x3 filter",0.992825,0.982174771871375,0.98975,0.00541176470588235,0.113
"layers",0.15,5,"Initial",0.85,0.661037051777407,0.843,0,0
"layers",0.15,5,"Spatial graph",0.991875,0.979801464721854,0.989,0,0.138000000000005
"layers",0.15,5,"SpaGCN refine",0.964275,0.912815956050962,0.960875,0.000294117647058824,0.0420000000000016
"layers",0.15,5,"GraphST refine",0.987975,0.970238068310387,0.98525,0.0119411764705882,0.235000000000014
"layers",0.15,5,"C++ kNN vote",0.993025,0.982657809113469,0.990875,0.00461764705882353,0.12700000000001
"layers",0.15,5,"3x3 modal filter",0.991225,0.978225139789919,0.988,0.00708823529411765,0.039999999999992
"layers",0.15,5,"Iterated 3x3 filter",0.992975,0.982546609598587,0.990125,0.00558823529411765,0.114000000000004
"layers",0.15,6,"Initial",0.85,0.661018082034373,0.8435,0,0
"layers",0.15,6,"Spatial graph",0.99165,0.979246484087367,0.987875,2.94117647058824e-05,0.137
"layers",0.15,6,"SpaGCN refine",0.96215,0.90776402450798,0.95575,0.000382352941176471,0.0420000000000016
"layers",0.15,6,"GraphST refine",0.98765,0.969452449846041,0.98275,0.0122647058823529,0.236000000000018
"layers",0.15,6,"C++ kNN vote",0.9925,0.981362500903755,0.98875,0.00452941176470588,0.132999999999981
"layers",0.15,6,"3x3 modal filter",0.9909,0.977425628149561,0.987125,0.00679411764705882,0.0409999999999968
"layers",0.15,6,"Iterated 3x3 filter",0.992975,0.982552169085234,0.989125,0.00502941176470588,0.119999999999976
"layers",0.15,7,"Initial",0.85,0.661037730331956,0.8465,0,0
"layers",0.15,7,"Spatial graph",0.992075,0.980291659831337,0.989625,0,0.141999999999996
"layers",0.15,7,"SpaGCN refine",0.9648,0.91404451773263,0.960125,0.000176470588235294,0.0430000000000064
"layers",0.15,7,"GraphST refine",0.988175,0.970726339853352,0.983875,0.0117647058823529,0.248999999999995
"layers",0.15,7,"C++ kNN vote",0.993475,0.98376659784294,0.991375,0.00438235294117647,0.191000000000003
"layers",0.15,7,"3x3 modal filter",0.992,0.980128074041689,0.9905,0.00588235294117647,0.049999999999983
"layers",0.15,7,"Iterated 3x3 filter",0.99355,0.983964008348722,0.992,0.00473529411764706,0.171000000000021
"layers",0.15,8,"Initial",0.85,0.661081958354923,0.84475,0,0
"layers",0.15,8,"Spatial graph",0.992,0.980111083615148,0.98875,0,0.194999999999993
"layers",0.15,8,"SpaGCN refine",0.961775,0.90687719545254,0.956875,0.000382352941176471,0.100999999999999
"layers",0.15,8,"GraphST refine",0.988925,0.97257775262965,0.983,0.0110882352941176,0.356999999999999
"layers",0.15,8,"C++ kNN vote",0.993175,0.983029101874338,0.98975,0.0045,0.242000000000019
"layers",0.15,8,"3x3 modal filter",0.9912,0.978159758435302,0.987875,0.00655882352941176,0.0630000000000166
"layers",0.15,8,"Iterated 3x3 filter",0.9927,0.98186939308757,0.989375,0.00552941176470588,0.132000000000005
"layers",0.15,9,"Initial",0.85,0.660909063774512,0.843875,0,0
"layers",0.15,9,"Spatial graph",0.99175,0.979492041072937,0.988125,0,0.141999999999996
"layers",0.15,9,"SpaGCN refine",0.9627,0.909061808120106,0.9565,0.000264705882352941,0.0419999999999732
"layers",0.15,9,"GraphST refine",0.987375,0.968774655485524,0.983125,0.0122058823529412,0.246000000000009
"layers",0.15,9,"C++ kNN vote",0.993025,0.982656311406222,0.990125,0.00408823529411765,0.128000000000014
"layers",0.15,9,"3x3 modal filter",0.9914,0.978658991318038,0.987875,0.00652941176470588,0.0390000000000157
"layers",0.15,9,"Iterated 3x3 filter",0.993175,0.983041869129877,0.990625,0.00520588235294118,0.116000000000014
"layers",0.15,10,"Initial",0.85,0.661095313185759,0.843875,0,0
"layers",0.15,10,"Spatial graph",0.9915,0.978870719608236,0.989,0,0.137
"layers",0.15,10,"SpaGCN refine",0.963,0.909778930908912,0.958625,0.000264705882352941,0.0430000000000064
"layers",0.15,10,"GraphST refine",0.986775,0.967306112302334,0.982875,0.0129705882352941,0.23399999999998
"layers",0.15,10,"C++ kNN vote",0.9924,0.981111097951025,0.989875,0.00494117647058824,0.12700000000001
"layers",0.15,10,"3x3 modal filter",0.991025,0.977721402203962,0.988125,0.00679411764705882,0.0620000000000118
"layers",0.15,10,"Iterated 3x3 filter",0.9926,0.981614883051739,0.989125,0.00576470588235294,0.115999999999985
"layers",0.25,1,"Initial",0.75,0.475116883442632,0.7425,0,0
"layers",0.25,1,"Spatial graph",0.985625,0.96442133638292,0.9805,6.66666666666667e-05,0.139999999999986
"layers",0.25,1,"SpaGCN refine",0.896825,0.759445749136343,0.8865,0.00176666666666667,0.0449999999999875
"layers",0.25,1,"GraphST refine",0.98515,0.963372509205387,0.978375,0.0147666666666667,0.282000000000011
"layers",0.25,1,"C++ kNN vote",0.986825,0.967384873239178,0.980875,0.004,0.129999999999995
"layers",0.25,1,"3x3 modal filter",0.980875,0.952827826461587,0.9735,0.0127666666666667,0.0389999999999873
"layers",0.25,1,"Iterated 3x3 filter",0.990475,0.976377664273198,0.986625,0.00633333333333333,0.115000000000009
"layers",0.25,2,"Initial",0.75,0.474963725962272,0.747875,0,0
"layers",0.25,2,"Spatial graph",0.984575,0.961841905919444,0.97925,3.33333333333333e-05,0.138000000000005
"layers",0.25,2,"SpaGCN refine",0.89595,0.757556303779486,0.893375,0.0018,0.0420000000000016
"layers",0.25,2,"GraphST refine",0.984175,0.960959490677392,0.980625,0.0156333333333333,0.235000000000014
"layers",0.25,2,"C++ kNN vote",0.9861,0.965591423762523,0.982125,0.00413333333333333,0.128000000000014
"layers",0.25,2,"3x3 modal filter",0.981325,0.953925943099781,0.978125,0.0116,0.0380000000000109
"layers",0.25,2,"Iterated 3x3 filter",0.989825,0.974781294826799,0.986375,0.0062,0.114999999999981
"layers",0.25,3,"Initial",0.75,0.475301411917696,0.74475,0,0
"layers",0.25,3,"Spatial graph",0.98575,0.964712706850702,0.98175,3.33333333333333e-05,0.138000000000005
"layers",0.25,3,"SpaGCN refine",0.89685,0.759582290490054,0.88925,0.00203333333333333,0.0420000000000016
"layers",0.25,3,"GraphST refine",0.9846,0.962011309565612,0.9775,0.0153666666666667,0.234999999999985
"layers",0.25,3,"C++ kNN vote",0.986825,0.967372456467072,0.981375,0.00433333333333333,0.129999999999995
"layers",0.25,3,"3x3 modal filter",0.982025,0.955613487298401,0.979125,0.012,0.0379999999999825
"layers",0.25,3,"Iterated 3x3 filter",0.9897,0.974468182613576,0.98725,0.0076,0.117999999999995
"layers",0.25,4,"Initial",0.75,0.475221181634459,0.741125,0,0
"layers",0.25,4,"Spatial graph",0.984175,0.960878267281122,0.97625,6.66666666666667e-05,0.138000000000005
"layers",0.25,4,"SpaGCN refine",0.898725,0.763715039986244,0.893,0.00153333333333333,0.0420000000000016
"layers",0.25,4,"GraphST refine",0.984025,0.96063979042629,0.974,0.0156333333333333,0.235000000000014
"layers",0.25,4,"C++ kNN vote",0.986125,0.965677907512858,0.977,0.00446666666666667,0.128000000000014
"layers",0.25,4,"3x3 modal filter",0.981925,0.955410824430643,0.975625,0.0114,0.0380000000000109
"layers",0.25,4,"Iterated 3x3 filter",0.9898,0.974722544854022,0.984625,0.00693333333333333,0.11699999999999
"layers",0.25,5,"Initial",0.75,0.475021133424103,0.73875,0,0
"layers",0.25,5,"Spatial graph",0.984925,0.962700295317243,0.9795,6.66666666666667e-05,0.138999999999982
"layers",0.25,5,"SpaGCN refine",0.893875,0.753090400917125,0.887125,0.00196666666666667,0.0420000000000016
"layers",0.25,5,"GraphST refine",0.984375,0.961459534695932,0.97725,0.0157,0.235000000000014
"layers",0.25,5,"C++ kNN vote",0.986025,0.965407707631963,0.97925,0.00463333333333333,0.129000000000019
"layers",0.25,5,"3x3 modal filter",0.980125,0.950981830779322,0.975,0.0118666666666667,0.0380000000000109
"layers",0.25,5,"Iterated 3x3 filter",0.989775,0.974652591104602,0.985625,0.0069,0.113
"layers",0.25,6,"Initial",0.75,0.475154187140909,0.746375,0,0
"layers",0.25,6,"Spatial graph",0.98495,0.962758880192808,0.9795,6.66666666666667e-05,0.137999999999977
"layers",0.25,6,"SpaGCN refine",0.896675,0.75916003142573,0.893125,0.00223333333333333,0.0420000000000016
"layers",0.25,6,"GraphST refine",0.984675,0.962194675403559,0.9795,0.0155666666666667,0.23599999999999
"layers",0.25,6,"C++ kNN vote",0.9864,0.966327277391009,0.981875,0.0041,0.129000000000019
"layers",0.25,6,"3x3 modal filter",0.980925,0.952938647304722,0.975,0.0125,0.0379999999999825
"layers",0.25,6,"Iterated 3x3 filter",0.989675,0.974416759663578,0.985125,0.00716666666666667,0.115000000000009
"layers",0.25,7,"Initial",0.75,0.475155468055735,0.74425,0,0
"layers",0.25,7,"Spatial graph",0.9838,0.959951198157258,0.9775,1e-04,0.138000000000005
"layers",0.25,7,"SpaGCN refine",0.8961,0.757869733431711,0.8875,0.00196666666666667,0.0420000000000016
"layers",0.25,7,"GraphST refine",0.984325,0.961345572318337,0.9785,0.0152666666666667,0.23599999999999
"layers",0.25,7,"C++ kNN vote",0.9856,0.964372971964948,0.980375,0.0042,0.12700000000001
"layers",0.25,7,"3x3 modal filter",0.981025,0.953184294584877,0.97625,0.0116333333333333,0.0380000000000109
"layers",0.25,7,"Iterated 3x3 filter",0.9905,0.976438318984524,0.986625,0.00613333333333333,0.116000000000014
"layers",0.25,8,"Initial",0.75,0.47484317204857,0.7465,0,0
"layers",0.25,8,"Spatial graph",0.9854,0.963858645514481,0.97875,3.33333333333333e-05,0.137999999999977
"layers",0.25,8,"SpaGCN refine",0.89515,0.75575875715409,0.89075,0.0013,0.0420000000000016
"layers",0.25,8,"GraphST refine",0.985275,0.963652851773442,0.976125,0.0147,0.234999999999985
"layers",0.25,8,"C++ kNN vote",0.987,0.967795717806291,0.9815,0.00403333333333333,0.128000000000014
"layers",0.25,8,"3x3 modal filter",0.9808,0.952647824889052,0.975125,0.0127333333333333,0.0380000000000109
"layers",0.25,8,"Iterated 3x3 filter",0.9903,0.975952090619341,0.9855,0.0068,0.115000000000009
"layers",0.25,9,"Initial",0.75,0.474765314735545,0.746875,0,0
"layers",0.25,9,"Spatial graph",0.9855,0.964104745770875,0.981625,0,0.137
"layers",0.25,9,"SpaGCN refine",0.899675,0.765508343943904,0.897625,0.00133333333333333,0.0420000000000016
"layers",0.25,9,"GraphST refine",0.986325,0.966209805516723,0.979875,0.0138666666666667,0.234999999999985
"layers",0.25,9,"C++ kNN vote",0.986775,0.967244866257048,0.9825,0.00386666666666667,0.128000000000014
"layers",0.25,9,"3x3 modal filter",0.98265,0.957137779412276,0.979125,0.0114666666666667,0.0370000000000061
"layers",0.25,9,"Iterated 3x3 filter",0.990975,0.977612316920686,0.987375,0.00623333333333333,0.114000000000004
"layers",0.25,10,"Initial",0.75,0.474975926476591,0.7485,0,0
"layers",0.25,10,"Spatial graph",0.985875,0.965032319478115,0.98,0,0.137
"layers",0.25,10,"SpaGCN refine",0.897,0.759823716884937,0.890625,0.00146666666666667,0.0420000000000016
"layers",0.25,10,"GraphST refine",0.984175,0.960971496499856,0.979375,0.0155666666666667,0.23599999999999
"layers",0.25,10,"C++ kNN vote",0.987,0.967798548821968,0.983,0.00413333333333333,0.127999999999986
"layers",0.25,10,"3x3 modal filter",0.982575,0.956971941443502,0.977875,0.0110666666666667,0.0379999999999825
"layers",0.25,10,"Iterated 3x3 filter",0.990725,0.976997329796934,0.98675,0.00626666666666667,0.155000000000001
"layers",0.4,1,"Initial",0.6,0.255886398219226,0.585625,0,0
"layers",0.4,1,"Spatial graph",0.89755,0.76075171764499,0.88875,0.00025,0.138000000000005
"layers",0.4,1,"SpaGCN refine",0.7412,0.461325163939879,0.7235,0.00854166666666667,0.0420000000000016
"layers",0.4,1,"GraphST refine",0.9768,0.943223492143334,0.96675,0.0230833333333333,0.238
"layers",0.4,1,"C++ kNN vote",0.924925,0.821390767541928,0.919375,0.00316666666666667,0.128000000000014
"layers",0.4,1,"3x3 modal filter",0.91725,0.804786602811207,0.866375,0.04575,0.0379999999999825
"layers",0.4,1,"Iterated 3x3 filter",0.975225,0.939140329195522,0.9555,0.0129583333333333,0.11699999999999
"layers",0.4,2,"Initial",0.6,0.255581121922657,0.592,0,0
"layers",0.4,2,"Spatial graph",0.8982,0.762557227481759,0.867875,8.33333333333333e-05,0.137
"layers",0.4,2,"SpaGCN refine",0.74025,0.459928600164876,0.728,0.00791666666666667,0.0409999999999968
"layers",0.4,2,"GraphST refine",0.979425,0.949521029613896,0.970125,0.0215416666666667,0.23399999999998
"layers",0.4,2,"C++ kNN vote",0.925475,0.822802775575652,0.90925,0.00179166666666667,0.127999999999986
"layers",0.4,2,"3x3 modal filter",0.919975,0.810472737388446,0.887,0.0453333333333333,0.0380000000000109
"layers",0.4,2,"Iterated 3x3 filter",0.9775,0.944630443692575,0.966375,0.0117083333333333,0.11699999999999
"layers",0.4,3,"Initial",0.6,0.255872836064344,0.587625,0,0
"layers",0.4,3,"Spatial graph",0.894875,0.755122776668556,0.858125,0.000208333333333333,0.137
"layers",0.4,3,"SpaGCN refine",0.74035,0.459914016126669,0.722875,0.00766666666666667,0.0419999999999732
"layers",0.4,3,"GraphST refine",0.976825,0.943337897149854,0.96525,0.0231666666666667,0.235000000000014
"layers",0.4,3,"C++ kNN vote",0.9243,0.820122317922779,0.9,0.00304166666666667,0.129000000000019
"layers",0.4,3,"3x3 modal filter",0.9202,0.810952829817255,0.88775,0.0413333333333333,0.0380000000000109
"layers",0.4,3,"Iterated 3x3 filter",0.977425,0.944422046781344,0.969375,0.01075,0.116000000000014
"layers",0.4,4,"Initial",0.6,0.255916249494731,0.5935,0,0
"layers",0.4,4,"Spatial graph",0.898,0.761820071537719,0.88975,5e-04,0.138000000000005
"layers",0.4,4,"SpaGCN refine",0.737475,0.455422415910297,0.731,0.00720833333333333,0.0420000000000016
"layers",0.4,4,"GraphST refine",0.976775,0.943087774911665,0.96925,0.0233333333333333,0.23599999999999
"layers",0.4,4,"C++ kNN vote",0.923475,0.818163955737959,0.911875,0.00233333333333333,0.128000000000014
"layers",0.4,4,"3x3 modal filter",0.919925,0.810813122686155,0.884125,0.0425,0.0379999999999825
"layers",0.4,4,"Iterated 3x3 filter",0.975575,0.94001704162748,0.961,0.0122083333333333,0.114000000000004
"layers",0.4,5,"Initial",0.6,0.256195012276044,0.593,0,0
"layers",0.4,5,"Spatial graph",0.9017,0.76977593689727,0.897,0.00025,0.138000000000005
"layers",0.4,5,"SpaGCN refine",0.739525,0.459187144819622,0.73675,0.00808333333333333,0.0430000000000064
"layers",0.4,5,"GraphST refine",0.976525,0.942546642166694,0.9675,0.0227083333333333,0.235000000000014
"layers",0.4,5,"C++ kNN vote",0.92445,0.820351751758737,0.9135,0.00220833333333333,0.127999999999986
"layers",0.4,5,"3x3 modal filter",0.916,0.80188634944974,0.88025,0.0439166666666667,0.0379999999999825
"layers",0.4,5,"Iterated 3x3 filter",0.974975,0.938533564736111,0.961875,0.012375,0.119
"layers",0.4,6,"Initial",0.6,0.25596674949242,0.59675,0,0
"layers",0.4,6,"Spatial graph",0.896175,0.75780320707218,0.885125,0.000333333333333333,0.13900000000001
"layers",0.4,6,"SpaGCN refine",0.740675,0.460935755566968,0.73675,0.00866666666666667,0.0420000000000016
"layers",0.4,6,"GraphST refine",0.977475,0.944821241725401,0.97125,0.023125,0.235000000000014
"layers",0.4,6,"C++ kNN vote",0.922725,0.816472450735937,0.912,0.002625,0.127999999999986
"layers",0.4,6,"3x3 modal filter",0.919275,0.809147988829818,0.888125,0.0440833333333333,0.0379999999999825
"layers",0.4,6,"Iterated 3x3 filter",0.977225,0.943957001595233,0.96725,0.011875,0.115999999999985
"layers",0.4,7,"Initial",0.6,0.256003592421896,0.59575,0,0
"layers",0.4,7,"Spatial graph",0.89895,0.763853857674472,0.877625,0.000208333333333333,0.138000000000005
"layers",0.4,7,"SpaGCN refine",0.739575,0.458887464230867,0.733,0.00891666666666667,0.0420000000000016
"layers",0.4,7,"GraphST refine",0.977,0.943694039680889,0.969625,0.0237083333333333,0.234000000000009
"layers",0.4,7,"C++ kNN vote",0.92695,0.826004269114866,0.909375,0.00291666666666667,0.12700000000001
"layers",0.4,7,"3x3 modal filter",0.9211,0.813125552975132,0.89125,0.04075,0.0380000000000109
"layers",0.4,7,"Iterated 3x3 filter",0.97885,0.947931893369979,0.97075,0.011125,0.117000000000019
"layers",0.4,8,"Initial",0.6,0.255796255186507,0.593125,0,0
"layers",0.4,8,"Spatial graph",0.899875,0.765895883663254,0.878,0.000708333333333333,0.138000000000005
"layers",0.4,8,"SpaGCN refine",0.739175,0.458241725419926,0.725875,0.00845833333333333,0.0420000000000016
"layers",0.4,8,"GraphST refine",0.976475,0.94237530425931,0.968625,0.02275,0.235000000000014
"layers",0.4,8,"C++ kNN vote",0.924975,0.821642684462703,0.90375,0.00283333333333333,0.128000000000014
"layers",0.4,8,"3x3 modal filter",0.920225,0.811195537470564,0.8865,0.043125,0.0379999999999825
"layers",0.4,8,"Iterated 3x3 filter",0.9782,0.946355409883311,0.967125,0.0112083333333333,0.115000000000009
"layers",0.4,9,"Initial",0.6,0.256227774402827,0.59625,0,0
"layers",0.4,9,"Spatial graph",0.8982,0.762149055823771,0.888625,0.000541666666666667,0.137999999999977
"layers",0.4,9,"SpaGCN refine",0.74365,0.466008327545635,0.734625,0.008125,0.0420000000000016
"layers",0.4,9,"GraphST refine",0.977225,0.944198652308512,0.968,0.0237916666666667,0.233000000000004
"layers",0.4,9,"C++ kNN vote",0.921975,0.814752354376897,0.913,0.002625,0.127999999999986
"layers",0.4,9,"3x3 modal filter",0.916975,0.804147536497508,0.885,0.043625,0.0370000000000061
"layers",0.4,9,"Iterated 3x3 filter",0.974675,0.937864175684487,0.96675,0.013,0.113
"layers",0.4,10,"Initial",0.6,0.255652787359293,0.59125,0,0
"layers",0.4,10,"Spatial graph",0.90025,0.766782074277258,0.87375,0.000291666666666667,0.138000000000005
"layers",0.4,10,"SpaGCN refine",0.7426,0.463812918326374,0.72825,0.00770833333333333,0.0420000000000016
"layers",0.4,10,"GraphST refine",0.97755,0.945013032199254,0.967875,0.0217083333333333,0.235000000000014
"layers",0.4,10,"C++ kNN vote",0.925875,0.823676269826375,0.904,0.00233333333333333,0.127999999999986
"layers",0.4,10,"3x3 modal filter",0.92215,0.81541893308112,0.8985,0.0409583333333333,0.0379999999999825
"layers",0.4,10,"Iterated 3x3 filter",0.9782,0.946308454022168,0.9725,0.010875,0.113
